"R","P","Collection Time","Source Url","Url","Rk","Column7","Tm","Age","Pos","G","Gs","Qbrec","Cmp","Att","Cmp%","Yds","Td","Td%","Int","Int%","Lng","Ya","Ay A","Yc","Yg","Rate","Qbr","Sk","Yds2","Ny A","Any A","Sk%","4 Qc","Gwd","No","Name","Ht","Wt","Yr","Hometown Prev School","Position","Hometown","High School","Column 45","Cl","Hometown Last School","Hometown High School","Image","Title","Full Name","Year","Height","Weight","City","State","Prior School","Column 58","Column 59","Column 60","Column 61","Column 62","Column 63","Column 64","Column 65","Column 66","Column 67","Column 68","Column 69","Column 70","Column 71","Column 72","Column 73","Column 74","Column 75","Column 76","Column 77","Column 78"
"","","11/1/2016 11:29:43 PM","http://www.espn.com/college-football/team/roster/_/id/61","","","","","","","","","","","","","","","","","","","","","","","","","","","","","","","","","","","","","","","","","","","","","","","","","","","","","","","","","","","","","","","","","","","","2016 Georgia Bulldogs","","","","","",""
"","","11/1/2016 11:29:43 PM","http://www.espn.com/college-football/team/roster/_/id/61","http://www.espn.com/college-football/team/roster/_/id/61/sort/lastName","","","","","","","","","","","","","","","","","","","","","","","","","","","","","","","","","","","","","","","","","","","","","","","","","","","","","","","","","","","","","","","","","","","NO","NAME","POS","HT","WT","CLASS","HOMETOWN"
"","","11/1/2016 11:29:43 PM","http://www.espn.com/college-football/team/roster/_/id/61","http://www.espn.com/college-football/player/_/id/3128721/sony-michel","","","","","","","","","","","","","","","","","","","","","","","","","","","","","","","","","","","","","","","","","","","","","","","","","","","","","","","","","","","","","","","","","","","1","Sony Michel","RB","5-11","222","JR","Plantation, FL"
"","","11/1/2016 11:29:43 PM","http://www.espn.com/college-football/team/roster/_/id/61","http://www.espn.com/college-football/player/_/id/551306/maurice-smith","","","","","","","","","","","","","","","","","","","","","","","","","","","","","","","","","","","","","","","","","","","","","","","","","","","","","","","","","","","","","","","","","","","2","Maurice Smith","DB","6-0","195","SR","Sugar Land, TX"
"","","11/1/2016 11:29:43 PM","http://www.espn.com/college-football/team/roster/_/id/61","http://www.espn.com/college-football/player/_/id/3915190/jayson-stanley","","","","","","","","","","","","","","","","","","","","","","","","","","","","","","","","","","","","","","","","","","","","","","","","","","","","","","","","","","","","","","","","","","","2","Jayson Stanley","WR","6-2","207","SO","Fairburn, GA"
"","","11/1/2016 11:29:43 PM","http://www.espn.com/college-football/team/roster/_/id/61","http://www.espn.com/college-football/player/_/id/3128719/sam-vaughn","","","","","","","","","","","","","","","","","","","","","","","","","","","","","","","","","","","","","","","","","","","","","","","","","","","","","","","","","","","","","","","","","","","2","Sam Vaughn","QB","6-3","204","SO","Fort Pierce, FL"
"","","11/1/2016 11:29:43 PM","http://www.espn.com/college-football/team/roster/_/id/61","http://www.espn.com/college-football/player/_/id/4035018/tyler-simmons","","","","","","","","","","","","","","","","","","","","","","","","","","","","","","","","","","","","","","","","","","","","","","","","","","","","","","","","","","","","","","","","","","","3","Tyler Simmons","WR","6-0","206","FR","Powder Springs, GA"
"","","11/1/2016 11:29:43 PM","http://www.espn.com/college-football/team/roster/_/id/61","http://www.espn.com/college-football/player/_/id/3915189/roquan-smith","","","","","","","","","","","","","","","","","","","","","","","","","","","","","","","","","","","","","","","","","","","","","","","","","","","","","","","","","","","","","","","","","","","3","Roquan Smith","LB","6-1","225","SO","Montezuma, GA"
"","","11/1/2016 11:29:43 PM","http://www.espn.com/college-football/team/roster/_/id/61","http://www.espn.com/college-football/player/_/id/4035004/mecole-hardman","","","","","","","","","","","","","","","","","","","","","","","","","","","","","","","","","","","","","","","","","","","","","","","","","","","","","","","","","","","","","","","","","","","4","Mecole Hardman","FB","5-11","183","FR","Bowman, GA"
"","","11/1/2016 11:29:43 PM","http://www.espn.com/college-football/team/roster/_/id/61","http://www.espn.com/college-football/player/_/id/3915174/terry-godwin","","","","","","","","","","","","","","","","","","","","","","","","","","","","","","","","","","","","","","","","","","","","","","","","","","","","","","","","","","","","","","","","","","","5","Terry Godwin","WR","5-11","185","SO","Hogansville, GA"
"","","11/1/2016 11:29:43 PM","http://www.espn.com/college-football/team/roster/_/id/61","http://www.espn.com/college-football/player/_/id/4035016/julian-rochester","","","","","","","","","","","","","","","","","","","","","","","","","","","","","","","","","","","","","","","","","","","","","","","","","","","","","","","","","","","","","","","","","","","5","Julian Rochester","DL","6-5","316","FR","Powder Springs, GA"
"","","11/1/2016 11:29:43 PM","http://www.espn.com/college-football/team/roster/_/id/61","http://www.espn.com/college-football/player/_/id/3728310/natrez-patrick","","","","","","","","","","","","","","","","","","","","","","","","","","","","","","","","","","","","","","","","","","","","","","","","","","","","","","","","","","","","","","","","","","","6","Natrez Patrick","LB","6-3","238","SO","Atlanta, GA"
"","","11/1/2016 11:29:43 PM","http://www.espn.com/college-football/team/roster/_/id/61","http://www.espn.com/college-football/player/_/id/4035019/javon-wims","","","","","","","","","","","","","","","","","","","","","","","","","","","","","","","","","","","","","","","","","","","","","","","","","","","","","","","","","","","","","","","","","","","6","Javon Wims","WR","6-4","215","JR","Miami, FL"
"","","11/1/2016 11:29:43 PM","http://www.espn.com/college-football/team/roster/_/id/61","http://www.espn.com/college-football/player/_/id/3128715/lorenzo-carter","","","","","","","","","","","","","","","","","","","","","","","","","","","","","","","","","","","","","","","","","","","","","","","","","","","","","","","","","","","","","","","","","","","7","Lorenzo Carter","LB","6-6","242","JR","Norcross, GA"
"","","11/1/2016 11:29:43 PM","http://www.espn.com/college-football/team/roster/_/id/61","http://www.espn.com/college-football/player/_/id/546343/shaun-mcgee","","","","","","","","","","","","","","","","","","","","","","","","","","","","","","","","","","","","","","","","","","","","","","","","","","","","","","","","","","","","","","","","","","","8","Shaun McGee","LB","6-3","236","JR","Snellville, GA"
"","","11/1/2016 11:29:43 PM","http://www.espn.com/college-football/team/roster/_/id/61","http://www.espn.com/college-football/player/_/id/4035015/riley-ridley","","","","","","","","","","","","","","","","","","","","","","","","","","","","","","","","","","","","","","","","","","","","","","","","","","","","","","","","","","","","","","","","","","","8","Riley Ridley","WR","6-2","197","FR","Coconut Creek, FL"
"","","11/1/2016 11:29:43 PM","http://www.espn.com/college-football/team/roster/_/id/61","http://www.espn.com/college-football/player/_/id/534683/kenneth-towns","","","","","","","","","","","","","","","","","","","","","","","","","","","","","","","","","","","","","","","","","","","","","","","","","","","","","","","","","","","","","","","","","","","9","Kenneth Towns","WR","6-3","211","SR","Albany, GA"
"","","11/1/2016 11:29:43 PM","http://www.espn.com/college-football/team/roster/_/id/61","http://www.espn.com/college-football/player/_/id/546353/reggie-wilkerson","","","","","","","","","","","","","","","","","","","","","","","","","","","","","","","","","","","","","","","","","","","","","","","","","","","","","","","","","","","","","","","","","","","9","Reggie Wilkerson","CB","5-11","173","JR","Citra, FL"
"","","11/1/2016 11:29:43 PM","http://www.espn.com/college-football/team/roster/_/id/61","http://www.espn.com/college-football/player/_/id/4035003/jacob-eason","","","","","","","","","","","","","","","","","","","","","","","","","","","","","","","","","","","","","","","","","","","","","","","","","","","","","","","","","","","","","","","","","","","10","Jacob Eason","QB","6-5","235","FR","Lake Stevens, WA"
"","","11/1/2016 11:29:43 PM","http://www.espn.com/college-football/team/roster/_/id/61","http://www.espn.com/college-football/player/_/id/3128714/keyon-brown","","","","","","","","","","","","","","","","","","","","","","","","","","","","","","","","","","","","","","","","","","","","","","","","","","","","","","","","","","","","","","","","","","","11","Keyon Brown","LB","6-3","257","SO","Wauchula, FL"
"","","11/1/2016 11:29:43 PM","http://www.espn.com/college-football/team/roster/_/id/61","http://www.espn.com/college-football/player/_/id/530521/greyson-lambert","","","","","","","","","","","","","","","","","","","","","","","","","","","","","","","","","","","","","","","","","","","","","","","","","","","","","","","","","","","","","","","","","","","11","Greyson Lambert","QB","6-5","234","SR","Jesup, GA"
"","","11/1/2016 11:29:43 PM","http://www.espn.com/college-football/team/roster/_/id/61","http://www.espn.com/college-football/player/_/id/3915166/juwuan-briscoe","","","","","","","","","","","","","","","","","","","","","","","","","","","","","","","","","","","","","","","","","","","","","","","","","","","","","","","","","","","","","","","","","","","12","Juwuan Briscoe","DB","5-11","192","SO","Waldorf, MD"
"","","11/1/2016 11:29:43 PM","http://www.espn.com/college-football/team/roster/_/id/61","http://www.espn.com/college-football/player/_/id/546345/brice-ramsey","","","","","","","","","","","","","","","","","","","","","","","","","","","","","","","","","","","","","","","","","","","","","","","","","","","","","","","","","","","","","","","","","","","12","Brice Ramsey","QB","6-3","210","JR","Kingsland, GA"
"","","11/1/2016 11:29:43 PM","http://www.espn.com/college-football/team/roster/_/id/61","http://www.espn.com/college-football/player/_/id/4035006/elijah-holyfield","","","","","","","","","","","","","","","","","","","","","","","","","","","","","","","","","","","","","","","","","","","","","","","","","","","","","","","","","","","","","","","","","","","13","Elijah Holyfield","RB","5-11","215","FR","College Park, GA"
"","","11/1/2016 11:29:43 PM","http://www.espn.com/college-football/team/roster/_/id/61","http://www.espn.com/college-football/player/_/id/3728308/jonathan-ledbetter","","","","","","","","","","","","","","","","","","","","","","","","","","","","","","","","","","","","","","","","","","","","","","","","","","","","","","","","","","","","","","","","","","","13","Jonathan Ledbetter","DE","6-4","269","SO","Tucker, GA"
"","","11/1/2016 11:29:43 PM","http://www.espn.com/college-football/team/roster/_/id/61","http://www.espn.com/college-football/player/_/id/546372/parker-mcleod","","","","","","","","","","","","","","","","","","","","","","","","","","","","","","","","","","","","","","","","","","","","","","","","","","","","","","","","","","","","","","","","","","","14","Parker McLeod","QB","6-3","195","JR","Marietta, GA"
"","","11/1/2016 11:29:43 PM","http://www.espn.com/college-football/team/roster/_/id/61","http://www.espn.com/college-football/player/_/id/3128705/malkom-parrish","","","","","","","","","","","","","","","","","","","","","","","","","","","","","","","","","","","","","","","","","","","","","","","","","","","","","","","","","","","","","","","","","","","14","Malkom Parrish","CB","5-10","185","JR","Quitman, GA"
"","","11/1/2016 11:29:43 PM","http://www.espn.com/college-football/team/roster/_/id/61","http://www.espn.com/college-football/player/_/id/3915196/d'andre-walker","","","","","","","","","","","","","","","","","","","","","","","","","","","","","","","","","","","","","","","","","","","","","","","","","","","","","","","","","","","","","","","","","","","15","D'Andre Walker","LB","6-3","223","SO","Fairburn, GA"
"","","11/1/2016 11:29:43 PM","http://www.espn.com/college-football/team/roster/_/id/61","http://www.espn.com/college-football/player/_/id/3128724/isaiah-mckenzie","","","","","","","","","","","","","","","","","","","","","","","","","","","","","","","","","","","","","","","","","","","","","","","","","","","","","","","","","","","","","","","","","","","16","Isaiah McKenzie","WR","5-8","175","JR","Miami, FL"
"","","11/1/2016 11:29:43 PM","http://www.espn.com/college-football/team/roster/_/id/61","http://www.espn.com/college-football/player/_/id/4053808/caleeb-roberson","","","","","","","","","","","","","","","","","","","","","","","","","","","","","","","","","","","","","","","","","","","","","","","","","","","","","","","","","","","","","","","","","","","16","Caleeb Roberson","DB","6-1","180","FR","Waynesboro, GA"
"","","11/1/2016 11:29:43 PM","http://www.espn.com/college-football/team/roster/_/id/61","http://www.espn.com/college-football/player/_/id/546322/davin-bellamy","","","","","","","","","","","","","","","","","","","","","","","","","","","","","","","","","","","","","","","","","","","","","","","","","","","","","","","","","","","","","","","","","","","17","Davin Bellamy","LB","6-5","240","JR","Chamblee, GA"
"","","11/1/2016 11:29:43 PM","http://www.espn.com/college-football/team/roster/_/id/61","http://www.espn.com/college-football/player/_/id/4053805/josh-moran","","","","","","","","","","","","","","","","","","","","","","","","","","","","","","","","","","","","","","","","","","","","","","","","","","","","","","","","","","","","","","","","","","","17","Josh Moran","WR","6-2","193","FR","Alpharetta, GA"
"","","11/1/2016 11:29:43 PM","http://www.espn.com/college-football/team/roster/_/id/61","http://www.espn.com/college-football/player/_/id/3915163/deandre-baker","","","","","","","","","","","","","","","","","","","","","","","","","","","","","","","","","","","","","","","","","","","","","","","","","","","","","","","","","","","","","","","","","","","18","Deandre Baker","CB","5-11","180","SO","Miami, FL"
"","","11/1/2016 11:29:43 PM","http://www.espn.com/college-football/team/roster/_/id/61","http://www.espn.com/college-football/player/_/id/4035014/isaac-nauta","","","","","","","","","","","","","","","","","","","","","","","","","","","","","","","","","","","","","","","","","","","","","","","","","","","","","","","","","","","","","","","","","","","18","Isaac Nauta","TE","6-4","246","FR","Buford, GA"
"","","11/1/2016 11:29:43 PM","http://www.espn.com/college-football/team/roster/_/id/61","http://www.espn.com/college-football/player/_/id/4046334/willie-erdman","","","","","","","","","","","","","","","","","","","","","","","","","","","","","","","","","","","","","","","","","","","","","","","","","","","","","","","","","","","","","","","","","","","19","Willie Erdman","WR","5-10","191","FR","Merritt Island, FL"
"","","11/1/2016 11:29:43 PM","http://www.espn.com/college-football/team/roster/_/id/61","http://www.espn.com/college-football/player/_/id/3728311/jarvis-wilson","","","","","","","","","","","","","","","","","","","","","","","","","","","","","","","","","","","","","","","","","","","","","","","","","","","","","","","","","","","","","","","","","","","19","Jarvis Wilson","DB","6-2","199","SO","Tupelo, MS"
"","","11/1/2016 11:29:43 PM","http://www.espn.com/college-football/team/roster/_/id/61","http://www.espn.com/college-football/player/_/id/546341/quincy-mauger","","","","","","","","","","","","","","","","","","","","","","","","","","","","","","","","","","","","","","","","","","","","","","","","","","","","","","","","","","","","","","","","","","","20","Quincy Mauger","S","6-0","206","SR","Marietta, GA"
"","","11/1/2016 11:29:43 PM","http://www.espn.com/college-football/team/roster/_/id/61","http://www.espn.com/college-football/player/_/id/546329/brendan-douglas","","","","","","","","","","","","","","","","","","","","","","","","","","","","","","","","","","","","","","","","","","","","","","","","","","","","","","","","","","","","","","","","","","","22","Brendan Douglas","RB","5-11","213","SR","Augusta, GA"
"","","11/1/2016 11:29:43 PM","http://www.espn.com/college-football/team/roster/_/id/61","http://www.espn.com/college-football/player/_/id/3915183/avery-mcneely","","","","","","","","","","","","","","","","","","","","","","","","","","","","","","","","","","","","","","","","","","","","","","","","","","","","","","","","","","","","","","","","","","","22","Avery McNeely","RB","5-8","180","JR","Athens, GA"
"","","11/1/2016 11:29:43 PM","http://www.espn.com/college-football/team/roster/_/id/61","http://www.espn.com/college-football/player/_/id/3917012/j.r.-reed","","","","","","","","","","","","","","","","","","","","","","","","","","","","","","","","","","","","","","","","","","","","","","","","","","","","","","","","","","","","","","","","","","","23","J.R. Reed","DB","6-1","194","SO","Frisco, TX"
"","","11/1/2016 11:29:43 PM","http://www.espn.com/college-football/team/roster/_/id/61","http://www.espn.com/college-football/player/_/id/3128725/shakenneth-williams","","","","","","","","","","","","","","","","","","","","","","","","","","","","","","","","","","","","","","","","","","","","","","","","","","","","","","","","","","","","","","","","","","","23","Shakenneth Williams","WR","6-1","208","JR","Macon, GA"
"","","11/1/2016 11:29:43 PM","http://www.espn.com/college-football/team/roster/_/id/61","http://www.espn.com/college-football/player/_/id/4053799/prather-hudson","","","","","","","","","","","","","","","","","","","","","","","","","","","","","","","","","","","","","","","","","","","","","","","","","","","","","","","","","","","","","","","","","","","24","Prather Hudson","RB","5-11","188","FR","Columbus, GA"
"","","11/1/2016 11:29:43 PM","http://www.espn.com/college-football/team/roster/_/id/61","http://www.espn.com/college-football/player/_/id/3128706/dominick-sanders","","","","","","","","","","","","","","","","","","","","","","","","","","","","","","","","","","","","","","","","","","","","","","","","","","","","","","","","","","","","","","","","","","","24","Dominick Sanders","S","6-0","193","JR","Tucker, GA"
"","","11/1/2016 11:29:43 PM","http://www.espn.com/college-football/team/roster/_/id/61","http://www.espn.com/college-football/player/_/id/4035009/jaleel-laguins","","","","","","","","","","","","","","","","","","","","","","","","","","","","","","","","","","","","","","","","","","","","","","","","","","","","","","","","","","","","","","","","","","","25","Jaleel Laguins","LB","6-2","220","FR","Watkinsville, GA"
"","","11/1/2016 11:29:43 PM","http://www.espn.com/college-football/team/roster/_/id/61","http://www.espn.com/college-football/player/_/id/3147938/steven-van-tiflin","","","","","","","","","","","","","","","","","","","","","","","","","","","","","","","","","","","","","","","","","","","","","","","","","","","","","","","","","","","","","","","","","","","25","Steven Van Tiflin","WR","6-1","207","SO","Saginaw, MI"
"","","11/1/2016 11:29:43 PM","http://www.espn.com/college-football/team/roster/_/id/61","http://www.espn.com/college-football/player/_/id/4046333/patrick-burke","","","","","","","","","","","","","","","","","","","","","","","","","","","","","","","","","","","","","","","","","","","","","","","","","","","","","","","","","","","","","","","","","","","26","Patrick Burke","WR","6-3","197","FR","Marietta, GA"
"","","11/1/2016 11:29:43 PM","http://www.espn.com/college-football/team/roster/_/id/61","http://www.espn.com/college-football/player/_/id/4035013/tyrique-mcghee","","","","","","","","","","","","","","","","","","","","","","","","","","","","","","","","","","","","","","","","","","","","","","","","","","","","","","","","","","","","","","","","","","","26","Tyrique McGhee","DB","5-10","183","FR","Byron, GA"
"","","11/1/2016 11:29:43 PM","http://www.espn.com/college-football/team/roster/_/id/61","http://www.espn.com/college-football/player/_/id/3128720/nick-chubb","","","","","","","","","","","","","","","","","","","","","","","","","","","","","","","","","","","","","","","","","","","","","","","","","","","","","","","","","","","","","","","","","","","27","Nick Chubb","RB","5-10","228","JR","Cedartown, GA"
"","","11/1/2016 11:29:43 PM","http://www.espn.com/college-football/team/roster/_/id/61","http://www.espn.com/college-football/player/_/id/4053810/kj-smith","","","","","","","","","","","","","","","","","","","","","","","","","","","","","","","","","","","","","","","","","","","","","","","","","","","","","","","","","","","","","","","","","","","27","KJ Smith","DB","5-11","172","FR","Perry, GA"
"","","11/1/2016 11:29:43 PM","http://www.espn.com/college-football/team/roster/_/id/61","http://www.espn.com/college-football/player/_/id/3928956/otamere-enadeghe","","","","","","","","","","","","","","","","","","","","","","","","","","","","","","","","","","","","","","","","","","","","","","","","","","","","","","","","","","","","","","","","","","","28","Otamere Enadeghe","DB","5-11","156","SO","Atlanta, GA"
"","","11/1/2016 11:29:43 PM","http://www.espn.com/college-football/team/roster/_/id/61","http://www.espn.com/college-football/player/_/id/3915197/shaquery-wilson","","","","","","","","","","","","","","","","","","","","","","","","","","","","","","","","","","","","","","","","","","","","","","","","","","","","","","","","","","","","","","","","","","","28","Shaquery Wilson","WR","6-1","211","SO","Coral Gables, FL"
"","","11/1/2016 11:29:43 PM","http://www.espn.com/college-football/team/roster/_/id/61","http://www.espn.com/college-football/player/_/id/3920480/tim-hill","","","","","","","","","","","","","","","","","","","","","","","","","","","","","","","","","","","","","","","","","","","","","","","","","","","","","","","","","","","","","","","","","","","29","Tim Hill","DB","5-11","172","SR","Atlanta, GA"
"","","11/1/2016 11:29:43 PM","http://www.espn.com/college-football/team/roster/_/id/61","http://www.espn.com/college-football/player/_/id/3155019/matt-price","","","","","","","","","","","","","","","","","","","","","","","","","","","","","","","","","","","","","","","","","","","","","","","","","","","","","","","","","","","","","","","","","","","29","Matt Price","WR","6-0","198","SO","Snellville, GA"
"","","11/1/2016 11:29:43 PM","http://www.espn.com/college-football/team/roster/_/id/61","http://www.espn.com/college-football/player/_/id/3915171/tae-crowder","","","","","","","","","","","","","","","","","","","","","","","","","","","","","","","","","","","","","","","","","","","","","","","","","","","","","","","","","","","","","","","","","","","30","Tae Crowder","RB","6-3","228","FR","Hamilton, GA"
"","","11/1/2016 11:29:43 PM","http://www.espn.com/college-football/team/roster/_/id/61","http://www.espn.com/college-football/player/_/id/3128726/shattle-fenteng","","","","","","","","","","","","","","","","","","","","","","","","","","","","","","","","","","","","","","","","","","","","","","","","","","","","","","","","","","","","","","","","","","","31","Shattle Fenteng","CB","6-2","193","SR","Loganville, GA"
"","","11/1/2016 11:29:43 PM","http://www.espn.com/college-football/team/roster/_/id/61","http://www.espn.com/college-football/player/_/id/559569/ridge-underwood","","","","","","","","","","","","","","","","","","","","","","","","","","","","","","","","","","","","","","","","","","","","","","","","","","","","","","","","","","","","","","","","","","","32","Ridge Underwood","LB","6-2","243","SR","Moultrie, GA"
"","","11/1/2016 11:29:43 PM","http://www.espn.com/college-football/team/roster/_/id/61","http://www.espn.com/college-football/player/_/id/3915168/kirby-choates","","","","","","","","","","","","","","","","","","","","","","","","","","","","","","","","","","","","","","","","","","","","","","","","","","","","","","","","","","","","","","","","","","","33","Kirby Choates","DB","6-0","194","SO","East Point, GA"
"","","11/1/2016 11:29:43 PM","http://www.espn.com/college-football/team/roster/_/id/61","http://www.espn.com/college-football/player/_/id/4053796/ian-donald-mcintyre","","","","","","","","","","","","","","","","","","","","","","","","","","","","","","","","","","","","","","","","","","","","","","","","","","","","","","","","","","","","","","","","","","","33","Ian Donald-McIntyre","RB","5-10","207","FR","Fayetteville, GA"
"","","11/1/2016 11:29:43 PM","http://www.espn.com/college-football/team/roster/_/id/61","http://www.espn.com/college-football/player/_/id/559563/aaron-davis","","","","","","","","","","","","","","","","","","","","","","","","","","","","","","","","","","","","","","","","","","","","","","","","","","","","","","","","","","","","","","","","","","","35","Aaron Davis","CB","6-1","189","JR","Locust Grove, GA"
"","","11/1/2016 11:29:43 PM","http://www.espn.com/college-football/team/roster/_/id/61","http://www.espn.com/college-football/player/_/id/4035005/brian-herrien","","","","","","","","","","","","","","","","","","","","","","","","","","","","","","","","","","","","","","","","","","","","","","","","","","","","","","","","","","","","","","","","","","","35","Brian Herrien","RB","6-0","210","FR","Manchester, GA"
"","","11/1/2016 11:29:43 PM","http://www.espn.com/college-football/team/roster/_/id/61","http://www.espn.com/college-football/player/_/id/552909/kyle-lestrange","","","","","","","","","","","","","","","","","","","","","","","","","","","","","","","","","","","","","","","","","","","","","","","","","","","","","","","","","","","","","","","","","","","36","Kyle LeStrange","FB","6-0","233","SR","Milton, GA"
"","","11/1/2016 11:29:43 PM","http://www.espn.com/college-football/team/roster/_/id/61","http://www.espn.com/college-football/player/_/id/3915182/rico-mcgraw","","","","","","","","","","","","","","","","","","","","","","","","","","","","","","","","","","","","","","","","","","","","","","","","","","","","","","","","","","","","","","","","","","","36","Rico McGraw","DB","6-0","194","SO","Nashville, TN"
"","","11/1/2016 11:29:43 PM","http://www.espn.com/college-football/team/roster/_/id/61","http://www.espn.com/college-football/player/_/id/4034999/shavoyae-brown","","","","","","","","","","","","","","","","","","","","","","","","","","","","","","","","","","","","","","","","","","","","","","","","","","","","","","","","","","","","","","","","","","","37","Shavoyae Brown","RB","5-9","170","FR","Dawson, GA"
"","","11/1/2016 11:29:43 PM","http://www.espn.com/college-football/team/roster/_/id/61","http://www.espn.com/college-football/player/_/id/4053803/jordon-mckinney","","","","","","","","","","","","","","","","","","","","","","","","","","","","","","","","","","","","","","","","","","","","","","","","","","","","","","","","","","","","","","","","","","","37","Jordon McKinney","DB","6-0","187","FR","Dalton, GA"
"","","11/1/2016 11:29:43 PM","http://www.espn.com/college-football/team/roster/_/id/61","http://www.espn.com/college-football/player/_/id/546346/ryne-rankin","","","","","","","","","","","","","","","","","","","","","","","","","","","","","","","","","","","","","","","","","","","","","","","","","","","","","","","","","","","","","","","","","","","38","Ryne Rankin","LB","6-1","215","SR","Orlando, FL"
"","","11/1/2016 11:29:43 PM","http://www.espn.com/college-football/team/roster/_/id/61","http://www.espn.com/college-football/player/_/id/3915188/rashad-roundtree","","","","","","","","","","","","","","","","","","","","","","","","","","","","","","","","","","","","","","","","","","","","","","","","","","","","","","","","","","","","","","","","","","","39","Rashad Roundtree","LB","6-1","204","SO","Evans, GA"
"","","11/1/2016 11:29:43 PM","http://www.espn.com/college-football/team/roster/_/id/61","http://www.espn.com/college-football/player/_/id/530104/chuks-amaechi","","","","","","","","","","","","","","","","","","","","","","","","","","","","","","","","","","","","","","","","","","","","","","","","","","","","","","","","","","","","","","","","","","","41","Chuks Amaechi","LB","6-3","250","SR","Avondale, AZ"
"","","11/1/2016 11:29:43 PM","http://www.espn.com/college-football/team/roster/_/id/61","http://www.espn.com/college-football/player/_/id/541359/tommy-long","","","","","","","","","","","","","","","","","","","","","","","","","","","","","","","","","","","","","","","","","","","","","","","","","","","","","","","","","","","","","","","","","","","43","Tommy Long","LB","6-2","237","SR","Marietta, GA"
"","","11/1/2016 11:29:43 PM","http://www.espn.com/college-football/team/roster/_/id/61","http://www.espn.com/college-football/player/_/id/3915184/nick-moore","","","","","","","","","","","","","","","","","","","","","","","","","","","","","","","","","","","","","","","","","","","","","","","","","","","","","","","","","","","","","","","","","","","43","Nick Moore","FB","6-3","250","SO","Snellville, GA"
"","","11/1/2016 11:29:43 PM","http://www.espn.com/college-football/team/roster/_/id/61","http://www.espn.com/college-football/player/_/id/4053801/justin-hurston","","","","","","","","","","","","","","","","","","","","","","","","","","","","","","","","","","","","","","","","","","","","","","","","","","","","","","","","","","","","","","","","","","","44","Justin Hurston","TE","6-4","221","FR","Stockbridge, GA"
"","","11/1/2016 11:29:43 PM","http://www.espn.com/college-football/team/roster/_/id/61","http://www.espn.com/college-football/player/_/id/3915191/juwan-taylor","","","","","","","","","","","","","","","","","","","","","","","","","","","","","","","","","","","","","","","","","","","","","","","","","","","","","","","","","","","","","","","","","","","44","Juwan Taylor","LB","6-1","214","SO","Hollywood, FL"
"","","11/1/2016 11:29:43 PM","http://www.espn.com/college-football/team/roster/_/id/61","http://www.espn.com/college-football/player/_/id/546326/reggie-carter","","","","","","","","","","","","","","","","","","","","","","","","","","","","","","","","","","","","","","","","","","","","","","","","","","","","","","","","","","","","","","","","","","","45","Reggie Carter","LB","6-1","230","JR","Snellville, GA"
"","","11/1/2016 11:29:43 PM","http://www.espn.com/college-football/team/roster/_/id/61","http://www.espn.com/college-football/player/_/id/4035007/michael-keene","","","","","","","","","","","","","","","","","","","","","","","","","","","","","","","","","","","","","","","","","","","","","","","","","","","","","","","","","","","","","","","","","","","46","Michael Keene","LB","6-2","196","FR","Savannah, GA"
"","","11/1/2016 11:29:43 PM","http://www.espn.com/college-football/team/roster/_/id/61","http://www.espn.com/college-football/player/_/id/550840/glenn-welch","","","","","","","","","","","","","","","","","","","","","","","","","","","","","","","","","","","","","","","","","","","","","","","","","","","","","","","","","","","","","","","","","","","46","Glenn Welch","FB","6-3","239","JR","Jesup, GA"
"","","11/1/2016 11:29:43 PM","http://www.espn.com/college-football/team/roster/_/id/61","http://www.espn.com/college-football/player/_/id/4053798/daniel-harper","","","","","","","","","","","","","","","","","","","","","","","","","","","","","","","","","","","","","","","","","","","","","","","","","","","","","","","","","","","","","","","","","","","47","Daniel Harper","LB","6-1","215","SO","Atlanta, GA"
"","","11/1/2016 11:29:43 PM","http://www.espn.com/college-football/team/roster/_/id/61","http://www.espn.com/college-football/player/_/id/3128710/christian-payne","","","","","","","","","","","","","","","","","","","","","","","","","","","","","","","","","","","","","","","","","","","","","","","","","","","","","","","","","","","","","","","","","","","47","Christian Payne","FB","6-1","242","JR","Athens, GA"
"","","11/1/2016 11:29:43 PM","http://www.espn.com/college-football/team/roster/_/id/61","http://www.espn.com/college-football/player/_/id/559565/jonah-guinn","","","","","","","","","","","","","","","","","","","","","","","","","","","","","","","","","","","","","","","","","","","","","","","","","","","","","","","","","","","","","","","","","","","48","Jonah Guinn","S","6-0","225","SR","WALNUT GROVE, GA"
"","","11/1/2016 11:29:43 PM","http://www.espn.com/college-football/team/roster/_/id/61","http://www.espn.com/college-football/player/_/id/3915172/turner-fortin","","","","","","","","","","","","","","","","","","","","","","","","","","","","","","","","","","","","","","","","","","","","","","","","","","","","","","","","","","","","","","","","","","","49","Turner Fortin","FB","6-1","231","FR","Johns Creek, GA"
"","","11/1/2016 11:29:43 PM","http://www.espn.com/college-football/team/roster/_/id/61","http://www.espn.com/college-football/player/_/id/4053807/koby-pyrz","","","","","","","","","","","","","","","","","","","","","","","","","","","","","","","","","","","","","","","","","","","","","","","","","","","","","","","","","","","","","","","","","","","49","Koby Pyrz","LS","6-2","280","FR","Cairo, GA"
"","","11/1/2016 11:29:43 PM","http://www.espn.com/college-football/team/roster/_/id/61","http://www.espn.com/college-football/player/_/id/546344/johnny-o'neal","","","","","","","","","","","","","","","","","","","","","","","","","","","","","","","","","","","","","","","","","","","","","","","","","","","","","","","","","","","","","","","","","","","50","Johnny O'Neal","LB","6-2","238","SR","Dublin, GA"
"","","11/1/2016 11:29:43 PM","http://www.espn.com/college-football/team/roster/_/id/61","http://www.espn.com/college-football/player/_/id/4035012/david-marshall","","","","","","","","","","","","","","","","","","","","","","","","","","","","","","","","","","","","","","","","","","","","","","","","","","","","","","","","","","","","","","","","","","","51","David Marshall","LB","6-3","273","FR","Thomaston, GA"
"","","11/1/2016 11:29:43 PM","http://www.espn.com/college-football/team/roster/_/id/61","http://www.espn.com/college-football/player/_/id/4035001/tyler-clark","","","","","","","","","","","","","","","","","","","","","","","","","","","","","","","","","","","","","","","","","","","","","","","","","","","","","","","","","","","","","","","","","","","52","Tyler Clark","DL","6-4","305","FR","Americus, GA"
"","","11/1/2016 11:29:43 PM","http://www.espn.com/college-football/team/roster/_/id/61","http://www.espn.com/college-football/player/_/id/3128707/lamont-gaillard","","","","","","","","","","","","","","","","","","","","","","","","","","","","","","","","","","","","","","","","","","","","","","","","","","","","","","","","","","","","","","","","","","","53","Lamont Gaillard","G","6-2","301","SO","Fayetteville, NC"
"","","11/1/2016 11:29:43 PM","http://www.espn.com/college-football/team/roster/_/id/61","http://www.espn.com/college-football/player/_/id/546337/brandon-kublanow","","","","","","","","","","","","","","","","","","","","","","","","","","","","","","","","","","","","","","","","","","","","","","","","","","","","","","","","","","","","","","","","","","","54","Brandon Kublanow","C","6-3","293","SR","Marietta, GA"
"","","11/1/2016 11:29:43 PM","http://www.espn.com/college-football/team/roster/_/id/61","http://www.espn.com/college-football/player/_/id/3138613/jacob-gross","","","","","","","","","","","","","","","","","","","","","","","","","","","","","","","","","","","","","","","","","","","","","","","","","","","","","","","","","","","","","","","","","","","55","Jacob Gross","LB","6-1","215","SO","Molena, GA"
"","","11/1/2016 11:29:43 PM","http://www.espn.com/college-football/team/roster/_/id/61","http://www.espn.com/college-football/player/_/id/3126303/dyshon-sims","","","","","","","","","","","","","","","","","","","","","","","","","","","","","","","","","","","","","","","","","","","","","","","","","","","","","","","","","","","","","","","","","","","55","Dyshon Sims","G","6-4","309","JR","Valdosta, GA"
"","","11/1/2016 11:29:43 PM","http://www.espn.com/college-football/team/roster/_/id/61","http://www.espn.com/college-football/player/_/id/3128722/john-courson","","","","","","","","","","","","","","","","","","","","","","","","","","","","","","","","","","","","","","","","","","","","","","","","","","","","","","","","","","","","","","","","","","","56","John Courson","LS","5-11","190","SO","Athens, GA"
"","","11/1/2016 11:29:43 PM","http://www.espn.com/college-football/team/roster/_/id/61","http://www.espn.com/college-football/player/_/id/557644/billy-seward","","","","","","","","","","","","","","","","","","","","","","","","","","","","","","","","","","","","","","","","","","","","","","","","","","","","","","","","","","","","","","","","","","","56","Billy Seward","G","6-3","269","JR","Watkinsville, GA"
"","","11/1/2016 11:29:43 PM","http://www.espn.com/college-football/team/roster/_/id/61","http://www.espn.com/college-football/player/_/id/3128716/alex-essex","","","","","","","","","","","","","","","","","","","","","","","","","","","","","","","","","","","","","","","","","","","","","","","","","","","","","","","","","","","","","","","","","","","57","Alex Essex","DT","6-5","272","SO","Richmond, VA"
"","","11/1/2016 11:29:43 PM","http://www.espn.com/college-football/team/roster/_/id/61","http://www.espn.com/college-football/player/_/id/3915162/pat-allen","","","","","","","","","","","","","","","","","","","","","","","","","","","","","","","","","","","","","","","","","","","","","","","","","","","","","","","","","","","","","","","","","","","58","Pat Allen","OL","6-4","298","FR","Reisterstown, MD"
"","","11/1/2016 11:29:43 PM","http://www.espn.com/college-football/team/roster/_/id/61","http://www.espn.com/college-football/player/_/id/559566/matthew-herzwurm","","","","","","","","","","","","","","","","","","","","","","","","","","","","","","","","","","","","","","","","","","","","","","","","","","","","","","","","","","","","","","","","","","","59","Matthew Herzwurm","LS","6-0","233","JR","Augusta, GA"
"","","11/1/2016 11:29:43 PM","http://www.espn.com/college-football/team/roster/_/id/61","http://www.espn.com/college-football/player/_/id/3915179/mirko-jurkovic","","","","","","","","","","","","","","","","","","","","","","","","","","","","","","","","","","","","","","","","","","","","","","","","","","","","","","","","","","","","","","","","","","","60","Mirko Jurkovic","OL","6-5","275","FR","South Bend, IN"
"","","11/1/2016 11:29:43 PM","http://www.espn.com/college-football/team/roster/_/id/61","http://www.espn.com/college-football/player/_/id/4034998/chris-barnes","","","","","","","","","","","","","","","","","","","","","","","","","","","","","","","","","","","","","","","","","","","","","","","","","","","","","","","","","","","","","","","","","","","61","Chris Barnes","OL","6-3","301","FR","Leesburg, GA"
"","","11/1/2016 11:29:43 PM","http://www.espn.com/college-football/team/roster/_/id/61","http://www.espn.com/college-football/player/_/id/3915177/sage-hardin","","","","","","","","","","","","","","","","","","","","","","","","","","","","","","","","","","","","","","","","","","","","","","","","","","","","","","","","","","","","","","","","","","","63","Sage Hardin","OL","6-6","290","FR","Atlanta, GA"
"","","11/1/2016 11:29:43 PM","http://www.espn.com/college-football/team/roster/_/id/61","http://www.espn.com/college-football/player/_/id/3728306/michael-barnett","","","","","","","","","","","","","","","","","","","","","","","","","","","","","","","","","","","","","","","","","","","","","","","","","","","","","","","","","","","","","","","","","","","64","Michael Barnett","DE","6-4","292","SO","Dorchester, SC"
"","","11/1/2016 11:29:43 PM","http://www.espn.com/college-football/team/roster/_/id/61","http://www.espn.com/college-football/player/_/id/3128711/kendall-baker","","","","","","","","","","","","","","","","","","","","","","","","","","","","","","","","","","","","","","","","","","","","","","","","","","","","","","","","","","","","","","","","","","","65","Kendall Baker","OT","6-6","305","SO","Atlanta, GA"
"","","11/1/2016 11:29:43 PM","http://www.espn.com/college-football/team/roster/_/id/61","http://www.espn.com/college-football/player/_/id/4035008/solomon-kindley","","","","","","","","","","","","","","","","","","","","","","","","","","","","","","","","","","","","","","","","","","","","","","","","","","","","","","","","","","","","","","","","","","","66","Solomon Kindley","OL","6-4","336","FR","Jacksonville, FL"
"","","11/1/2016 11:29:43 PM","http://www.espn.com/college-football/team/roster/_/id/61","http://www.espn.com/college-football/player/_/id/3915181/sam-madden","","","","","","","","","","","","","","","","","","","","","","","","","","","","","","","","","","","","","","","","","","","","","","","","","","","","","","","","","","","","","","","","","","","67","Sam Madden","OL","6-6","334","FR","Barnegat, NJ"
"","","11/1/2016 11:29:43 PM","http://www.espn.com/college-football/team/roster/_/id/61","http://www.espn.com/college-football/player/_/id/3926329/sean-fogarty","","","","","","","","","","","","","","","","","","","","","","","","","","","","","","","","","","","","","","","","","","","","","","","","","","","","","","","","","","","","","","","","","","","68","Sean Fogarty","OL","6-4","303","SO","Savannah, GA"
"","","11/1/2016 11:29:43 PM","http://www.espn.com/college-football/team/roster/_/id/61","http://www.espn.com/college-football/player/_/id/549923/trent-frix","","","","","","","","","","","","","","","","","","","","","","","","","","","","","","","","","","","","","","","","","","","","","","","","","","","","","","","","","","","","","","","","","","","69","Trent Frix","LS","6-0","215","JR","Calhoun, GA"
"","","11/1/2016 11:29:43 PM","http://www.espn.com/college-football/team/roster/_/id/61","http://www.espn.com/college-football/player/_/id/546324/aulden-bynum","","","","","","","","","","","","","","","","","","","","","","","","","","","","","","","","","","","","","","","","","","","","","","","","","","","","","","","","","","","","","","","","","","","70","Aulden Bynum","OT","6-5","292","JR","Valdosta, GA"
"","","11/1/2016 11:29:43 PM","http://www.espn.com/college-football/team/roster/_/id/61","http://www.espn.com/college-football/player/_/id/4046335/daniel-gothard","","","","","","","","","","","","","","","","","","","","","","","","","","","","","","","","","","","","","","","","","","","","","","","","","","","","","","","","","","","","","","","","","","","71","Daniel Gothard","OL","6-6","324","FR","Dunwoody, GA"
"","","11/1/2016 11:29:43 PM","http://www.espn.com/college-football/team/roster/_/id/61","http://www.espn.com/college-football/player/_/id/529910/tyler-catalina","","","","","","","","","","","","","","","","","","","","","","","","","","","","","","","","","","","","","","","","","","","","","","","","","","","","","","","","","","","","","","","","","","","72","Tyler Catalina","OL","6-6","314","SR","Worcester, MA"
"","","11/1/2016 11:29:43 PM","http://www.espn.com/college-football/team/roster/_/id/61","http://www.espn.com/college-football/player/_/id/534678/greg-pyke","","","","","","","","","","","","","","","","","","","","","","","","","","","","","","","","","","","","","","","","","","","","","","","","","","","","","","","","","","","","","","","","","","","73","Greg Pyke","G","6-6","325","SR","Baltimore, MD"
"","","11/1/2016 11:29:43 PM","http://www.espn.com/college-football/team/roster/_/id/61","http://www.espn.com/college-football/player/_/id/4035002/ben-cleveland","","","","","","","","","","","","","","","","","","","","","","","","","","","","","","","","","","","","","","","","","","","","","","","","","","","","","","","","","","","","","","","","","","","74","Ben Cleveland","OL","6-6","341","FR","Toccoa, GA"
"","","11/1/2016 11:29:43 PM","http://www.espn.com/college-football/team/roster/_/id/61","http://www.espn.com/college-football/player/_/id/549927/thomas-swilley","","","","","","","","","","","","","","","","","","","","","","","","","","","","","","","","","","","","","","","","","","","","","","","","","","","","","","","","","","","","","","","","","","","75","Thomas Swilley","G","6-3","317","JR","Athens, GA"
"","","11/1/2016 11:29:43 PM","http://www.espn.com/college-football/team/roster/_/id/61","http://www.espn.com/college-football/player/_/id/4035000/michail-carter","","","","","","","","","","","","","","","","","","","","","","","","","","","","","","","","","","","","","","","","","","","","","","","","","","","","","","","","","","","","","","","","","","","76","Michail Carter","DL","6-3","293","FR","Jackson, GA"
"","","11/1/2016 11:29:43 PM","http://www.espn.com/college-football/team/roster/_/id/61","http://www.espn.com/college-football/player/_/id/3128713/isaiah-wynn","","","","","","","","","","","","","","","","","","","","","","","","","","","","","","","","","","","","","","","","","","","","","","","","","","","","","","","","","","","","","","","","","","","77","Isaiah Wynn","G","6-2","280","JR","--"
"","","11/1/2016 11:29:43 PM","http://www.espn.com/college-football/team/roster/_/id/61","http://www.espn.com/college-football/player/_/id/3915192/trenton-thompson","","","","","","","","","","","","","","","","","","","","","","","","","","","","","","","","","","","","","","","","","","","","","","","","","","","","","","","","","","","","","","","","","","","78","Trenton Thompson","DT","6-4","309","SO","Albany, GA"
"","","11/1/2016 11:29:43 PM","http://www.espn.com/college-football/team/roster/_/id/61","http://www.espn.com/college-football/player/_/id/4053814/allen-williams","","","","","","","","","","","","","","","","","","","","","","","","","","","","","","","","","","","","","","","","","","","","","","","","","","","","","","","","","","","","","","","","","","","79","Allen Williams","OL","6-7","352","FR","Baxley, GA"
"","","11/1/2016 11:29:43 PM","http://www.espn.com/college-football/team/roster/_/id/61","http://www.espn.com/college-football/player/_/id/530504/charlie-hegedus","","","","","","","","","","","","","","","","","","","","","","","","","","","","","","","","","","","","","","","","","","","","","","","","","","","","","","","","","","","","","","","","","","","80","Charlie Hegedus","WR","6-2","207","SR","Marietta, GA"
"","","11/1/2016 11:29:43 PM","http://www.espn.com/college-football/team/roster/_/id/61","http://www.espn.com/college-football/player/_/id/546328/reggie-davis","","","","","","","","","","","","","","","","","","","","","","","","","","","","","","","","","","","","","","","","","","","","","","","","","","","","","","","","","","","","","","","","","","","81","Reggie Davis","WR","6-0","170","SR","Tallahassee, FL"
"","","11/1/2016 11:29:43 PM","http://www.espn.com/college-football/team/roster/_/id/61","http://www.espn.com/college-football/player/_/id/3915167/michael-chigbu","","","","","","","","","","","","","","","","","","","","","","","","","","","","","","","","","","","","","","","","","","","","","","","","","","","","","","","","","","","","","","","","","","","82","Michael Chigbu","WR","6-2","213","SO","New Orleans, LA"
"","","11/1/2016 11:29:43 PM","http://www.espn.com/college-football/team/roster/_/id/61","http://www.espn.com/college-football/player/_/id/3128723/jeb-blazevich","","","","","","","","","","","","","","","","","","","","","","","","","","","","","","","","","","","","","","","","","","","","","","","","","","","","","","","","","","","","","","","","","","","83","Jeb Blazevich","TE","6-5","242","JR","Charlotte, NC"
"","","11/1/2016 11:29:43 PM","http://www.espn.com/college-football/team/roster/_/id/61","http://www.espn.com/college-football/player/_/id/3934986/wyatt-payne","","","","","","","","","","","","","","","","","","","","","","","","","","","","","","","","","","","","","","","","","","","","","","","","","","","","","","","","","","","","","","","","","","","84","Wyatt Payne","WR","6-1","175","FR","Dublin, GA"
"","","11/1/2016 11:29:43 PM","http://www.espn.com/college-football/team/roster/_/id/61","http://www.espn.com/college-football/player/_/id/546327/jordan-davis","","","","","","","","","","","","","","","","","","","","","","","","","","","","","","","","","","","","","","","","","","","","","","","","","","","","","","","","","","","","","","","","","","","85","Jordan Davis","TE","6-4","240","JR","Thomson, GA"
"","","11/1/2016 11:29:43 PM","http://www.espn.com/college-football/team/roster/_/id/61","http://www.espn.com/college-football/player/_/id/4053802/davis-kelly","","","","","","","","","","","","","","","","","","","","","","","","","","","","","","","","","","","","","","","","","","","","","","","","","","","","","","","","","","","","","","","","","","","86","Davis Kelly","WR","6-3","207","FR","Alpharetta, GA"
"","","11/1/2016 11:29:43 PM","http://www.espn.com/college-football/team/roster/_/id/61","http://www.espn.com/college-football/player/_/id/3911980/miles-mcginty","","","","","","","","","","","","","","","","","","","","","","","","","","","","","","","","","","","","","","","","","","","","","","","","","","","","","","","","","","","","","","","","","","","87","Miles McGinty","TE","6-3","218","SO","Savannah, GA"
"","","11/1/2016 11:29:43 PM","http://www.espn.com/college-football/team/roster/_/id/61","http://www.espn.com/college-football/player/_/id/3728307/jackson-harris","","","","","","","","","","","","","","","","","","","","","","","","","","","","","","","","","","","","","","","","","","","","","","","","","","","","","","","","","","","","","","","","","","","88","Jackson Harris","TE","6-6","247","SO","Columbia, TN"
"","","11/1/2016 11:29:43 PM","http://www.espn.com/college-football/team/roster/_/id/61","http://www.espn.com/college-football/player/_/id/4035020/charlie-woerner","","","","","","","","","","","","","","","","","","","","","","","","","","","","","","","","","","","","","","","","","","","","","","","","","","","","","","","","","","","","","","","","","","","89","Charlie Woerner","TE","6-5","251","FR","Tiger, GA"
"","","11/1/2016 11:29:43 PM","http://www.espn.com/college-football/team/roster/_/id/61","http://www.espn.com/college-football/player/_/id/4035011/chauncey-manac","","","","","","","","","","","","","","","","","","","","","","","","","","","","","","","","","","","","","","","","","","","","","","","","","","","","","","","","","","","","","","","","","","","91","Chauncey Manac","LB","6-3","243","FR","Fargo, GA"
"","","11/1/2016 11:29:43 PM","http://www.espn.com/college-football/team/roster/_/id/61","http://www.espn.com/college-football/player/_/id/3128717/william-ham","","","","","","","","","","","","","","","","","","","","","","","","","","","","","","","","","","","","","","","","","","","","","","","","","","","","","","","","","","","","","","","","","","","92","William Ham","PK","6-3","180","SO","Macon, GA"
"","","11/1/2016 11:29:43 PM","http://www.espn.com/college-football/team/roster/_/id/61","http://www.espn.com/college-football/player/_/id/3915198/justin-young","","","","","","","","","","","","","","","","","","","","","","","","","","","","","","","","","","","","","","","","","","","","","","","","","","","","","","","","","","","","","","","","","","","92","Justin Young","DE","6-4","278","FR","Loganville, GA"
"","","11/1/2016 11:29:43 PM","http://www.espn.com/college-football/team/roster/_/id/61","http://www.espn.com/college-football/player/_/id/3069796/carson-hall","","","","","","","","","","","","","","","","","","","","","","","","","","","","","","","","","","","","","","","","","","","","","","","","","","","","","","","","","","","","","","","","","","","93","Carson Hall","DL","6-5","286","SR","Dallas, GA"
"","","11/1/2016 11:29:43 PM","http://www.espn.com/college-football/team/roster/_/id/61","http://www.espn.com/college-football/player/_/id/541183/thomas-pritchard","","","","","","","","","","","","","","","","","","","","","","","","","","","","","","","","","","","","","","","","","","","","","","","","","","","","","","","","","","","","","","","","","","","94","Thomas Pritchard","PK","5-10","168","SR","Louisville, GA"
"","","11/1/2016 11:29:43 PM","http://www.espn.com/college-football/team/roster/_/id/61","http://www.espn.com/college-football/player/_/id/4035010/marshall-long","","","","","","","","","","","","","","","","","","","","","","","","","","","","","","","","","","","","","","","","","","","","","","","","","","","","","","","","","","","","","","","","","","","95","Marshall Long","P","6-2","217","FR","China Grove, NC"
"","","11/1/2016 11:29:43 PM","http://www.espn.com/college-football/team/roster/_/id/61","http://www.espn.com/college-football/player/_/id/3915178/daquan-hawkins-muckle","","","","","","","","","","","","","","","","","","","","","","","","","","","","","","","","","","","","","","","","","","","","","","","","","","","","","","","","","","","","","","","","","","","96","DaQuan Hawkins-Muckle","DT","6-4","320","SO","Atlanta, GA"
"","","11/1/2016 11:29:43 PM","http://www.espn.com/college-football/team/roster/_/id/61","http://www.espn.com/college-football/player/_/id/3915185/hudson-reynolds","","","","","","","","","","","","","","","","","","","","","","","","","","","","","","","","","","","","","","","","","","","","","","","","","","","","","","","","","","","","","","","","","","","96","Hudson Reynolds","LS","6-4","215","FR","Bainbridge, GA"
"","","11/1/2016 11:29:43 PM","http://www.espn.com/college-football/team/roster/_/id/61","http://www.espn.com/college-football/player/_/id/546321/john-atkins","","","","","","","","","","","","","","","","","","","","","","","","","","","","","","","","","","","","","","","","","","","","","","","","","","","","","","","","","","","","","","","","","","","97","John Atkins","NT","6-4","315","JR","Thomson, GA"
"","","11/1/2016 11:29:43 PM","http://www.espn.com/college-football/team/roster/_/id/61","http://www.espn.com/college-football/player/_/id/3915170/will-cowart","","","","","","","","","","","","","","","","","","","","","","","","","","","","","","","","","","","","","","","","","","","","","","","","","","","","","","","","","","","","","","","","","","","97","Will Cowart","P","6-3","164","SO","Warner Robins, GA"
"","","11/1/2016 11:29:43 PM","http://www.espn.com/college-football/team/roster/_/id/61","http://www.espn.com/college-football/player/_/id/3915165/rodrigo-blankenship","","","","","","","","","","","","","","","","","","","","","","","","","","","","","","","","","","","","","","","","","","","","","","","","","","","","","","","","","","","","","","","","","","","98","Rodrigo Blankenship","PK","6-1","191","FR","Marietta, GA"
"","","11/1/2016 11:29:43 PM","http://www.espn.com/college-football/team/roster/_/id/61","http://www.espn.com/college-football/player/_/id/4053812/mitchell-wasson","","","","","","","","","","","","","","","","","","","","","","","","","","","","","","","","","","","","","","","","","","","","","","","","","","","","","","","","","","","","","","","","","","","99","Mitchell Wasson","PK","5-11","179","FR","Roswell, GA"
