"R","P","Collection Time","Source Url","Url","Rk","Column7","Tm","Age","Pos","G","Gs","Qbrec","Cmp","Att","Cmp%","Yds","Td","Td%","Int","Int%","Lng","Ya","Ay A","Yc","Yg","Rate","Qbr","Sk","Yds2","Ny A","Any A","Sk%","4 Qc","Gwd","No","Name","Ht","Wt","Yr","Hometown Prev School","Position","Hometown","High School","Column 45","Cl","Hometown Last School","Hometown High School","Image","Title","Full Name","Year","Height","Weight","City","State","Prior School","Column 58","Column 59","Column 60","Column 61","Column 62","Column 63","Column 64","Column 65","Column 66","Column 67","Column 68","Column 69","Column 70","Column 71"
"","","11/1/2016 10:44:27 PM","http://www.espn.com/college-football/team/roster/_/id/172","","","","","","","","","","","","","","","","","","","","","","","","","","","","","","","","","","","","","","","","","","","","","","","","","","","","","","","","","","","","","2016 Cornell Big Red","","","","","",""
"","","11/1/2016 10:44:27 PM","http://www.espn.com/college-football/team/roster/_/id/172","http://www.espn.com/college-football/team/roster/_/id/172/sort/lastName","","","","","","","","","","","","","","","","","","","","","","","","","","","","","","","","","","","","","","","","","","","","","","","","","","","","","","","","","","","","NO","NAME","POS","HT","WT","CLASS","HOMETOWN"
"","","11/1/2016 10:44:27 PM","http://www.espn.com/college-football/team/roster/_/id/172","http://www.espn.com/college-football/player/_/id/4071217/edward-j.-keating","","","","","","","","","","","","","","","","","","","","","","","","","","","","","","","","","","","","","","","","","","","","","","","","","","","","","","","","","","","","--","Edward J. Keating","","0-0","0","--","--"
"","","11/1/2016 10:44:27 PM","http://www.espn.com/college-football/team/roster/_/id/172","http://www.espn.com/college-football/player/_/id/3912444/steven-rodriguez","","","","","","","","","","","","","","","","","","","","","","","","","","","","","","","","","","","","","","","","","","","","","","","","","","","","","","","","","","","","1","Steven Rodriguez","RB","6-2","207","SO","Miami Lakes, FL"
"","","11/1/2016 10:44:27 PM","http://www.espn.com/college-football/team/roster/_/id/172","http://www.espn.com/college-football/player/_/id/4030649/owen-peters","","","","","","","","","","","","","","","","","","","","","","","","","","","","","","","","","","","","","","","","","","","","","","","","","","","","","","","","","","","","2","Owen Peters","S","6-1","184","FR","Rockville, MD"
"","","11/1/2016 10:44:27 PM","http://www.espn.com/college-football/team/roster/_/id/172","http://www.espn.com/college-football/player/_/id/548423/collin-shaw","","","","","","","","","","","","","","","","","","","","","","","","","","","","","","","","","","","","","","","","","","","","","","","","","","","","","","","","","","","","3","Collin Shaw","WR","6-2","210","SR","Plano, TX"
"","","11/1/2016 10:44:27 PM","http://www.espn.com/college-football/team/roster/_/id/172","http://www.espn.com/college-football/player/_/id/3118262/jake-jatis","","","","","","","","","","","","","","","","","","","","","","","","","","","","","","","","","","","","","","","","","","","","","","","","","","","","","","","","","","","","4","Jake Jatis","QB","6-4","230","JR","Crown Point, IN"
"","","11/1/2016 10:44:27 PM","http://www.espn.com/college-football/team/roster/_/id/172","http://www.espn.com/college-football/player/_/id/3134493/jelani-king","","","","","","","","","","","","","","","","","","","","","","","","","","","","","","","","","","","","","","","","","","","","","","","","","","","","","","","","","","","","4","Jelani King","CB","5-11","182","JR","Albany, NY"
"","","11/1/2016 10:44:27 PM","http://www.espn.com/college-football/team/roster/_/id/172","http://www.espn.com/college-football/player/_/id/3912445/malcolm-chaka","","","","","","","","","","","","","","","","","","","","","","","","","","","","","","","","","","","","","","","","","","","","","","","","","","","","","","","","","","","","5","Malcolm Chaka","LB","6-3","229","SO","Mission Woods, KS"
"","","11/1/2016 10:44:27 PM","http://www.espn.com/college-football/team/roster/_/id/172","http://www.espn.com/college-football/player/_/id/549163/robert-somborn","","","","","","","","","","","","","","","","","","","","","","","","","","","","","","","","","","","","","","","","","","","","","","","","","","","","","","","","","","","","5","Robert Somborn","QB","6-1","202","SR","Mckinney, TX"
"","","11/1/2016 10:44:27 PM","http://www.espn.com/college-football/team/roster/_/id/172","http://www.espn.com/college-football/player/_/id/3118272/jeremiah-shaw","","","","","","","","","","","","","","","","","","","","","","","","","","","","","","","","","","","","","","","","","","","","","","","","","","","","","","","","","","","","6","Jeremiah Shaw","LB","6-3","220","JR","Westerville, OH"
"","","11/1/2016 10:44:27 PM","http://www.espn.com/college-football/team/roster/_/id/172","http://www.espn.com/college-football/player/_/id/3912446/dalton-banks","","","","","","","","","","","","","","","","","","","","","","","","","","","","","","","","","","","","","","","","","","","","","","","","","","","","","","","","","","","","7","Dalton Banks","QB","6-3","232","SO","SAN ANTONIO, TX"
"","","11/1/2016 10:44:27 PM","http://www.espn.com/college-football/team/roster/_/id/172","http://www.espn.com/college-football/player/_/id/3118253/trey-duncombe","","","","","","","","","","","","","","","","","","","","","","","","","","","","","","","","","","","","","","","","","","","","","","","","","","","","","","","","","","","","7","Trey Duncombe","CB","5-10","191","JR","Fort Bragg, NC"
"","","11/1/2016 10:44:27 PM","http://www.espn.com/college-football/team/roster/_/id/172","http://www.espn.com/college-football/player/_/id/3912447/j.d.-pickell","","","","","","","","","","","","","","","","","","","","","","","","","","","","","","","","","","","","","","","","","","","","","","","","","","","","","","","","","","","","8","J.D. PicKell","RB","6-1","199","SO","Santa Ana, CA"
"","","11/1/2016 10:44:27 PM","http://www.espn.com/college-football/team/roster/_/id/172","http://www.espn.com/college-football/player/_/id/3118264/jordan-majors","","","","","","","","","","","","","","","","","","","","","","","","","","","","","","","","","","","","","","","","","","","","","","","","","","","","","","","","","","","","9","Jordan Majors","CB","6-2","205","JR","Newtown Square, PA"
"","","11/1/2016 10:44:27 PM","http://www.espn.com/college-football/team/roster/_/id/172","http://www.espn.com/college-football/player/_/id/3912448/chris-walker","","","","","","","","","","","","","","","","","","","","","","","","","","","","","","","","","","","","","","","","","","","","","","","","","","","","","","","","","","","","9","Chris Walker","RB","6-1","206","SO","Lewisburg, TN"
"","","11/1/2016 10:44:27 PM","http://www.espn.com/college-football/team/roster/_/id/172","http://www.espn.com/college-football/player/_/id/549164/jordan-young","","","","","","","","","","","","","","","","","","","","","","","","","","","","","","","","","","","","","","","","","","","","","","","","","","","","","","","","","","","","10","Jordan Young","WR","5-10","189","SR","Charlotte, NC"
"","","11/1/2016 10:44:27 PM","http://www.espn.com/college-football/team/roster/_/id/172","http://www.espn.com/college-football/player/_/id/4030650/mike-catanese","","","","","","","","","","","","","","","","","","","","","","","","","","","","","","","","","","","","","","","","","","","","","","","","","","","","","","","","","","","","11","Mike Catanese","QB","6-3","176","FR","West Hempstead, NY"
"","","11/1/2016 10:44:27 PM","http://www.espn.com/college-football/team/roster/_/id/172","http://www.espn.com/college-football/player/_/id/3118251/demetrius-daltirus","","","","","","","","","","","","","","","","","","","","","","","","","","","","","","","","","","","","","","","","","","","","","","","","","","","","","","","","","","","","11","Demetrius Daltirus","FB","6-2","214","JR","Yardley, PA"
"","","11/1/2016 10:44:27 PM","http://www.espn.com/college-football/team/roster/_/id/172","http://www.espn.com/college-football/player/_/id/3912449/garrett-cloer","","","","","","","","","","","","","","","","","","","","","","","","","","","","","","","","","","","","","","","","","","","","","","","","","","","","","","","","","","","","12","Garrett Cloer","QB","6-5","230","SO","Hurdle Mills, NC"
"","","11/1/2016 10:44:27 PM","http://www.espn.com/college-football/team/roster/_/id/172","http://www.espn.com/college-football/player/_/id/4030678/malik-leary","","","","","","","","","","","","","","","","","","","","","","","","","","","","","","","","","","","","","","","","","","","","","","","","","","","","","","","","","","","","12","Malik Leary","S","6-2","206","FR","Shreveport, LA"
"","","11/1/2016 10:44:27 PM","http://www.espn.com/college-football/team/roster/_/id/172","http://www.espn.com/college-football/player/_/id/3916472/nesean-crofford","","","","","","","","","","","","","","","","","","","","","","","","","","","","","","","","","","","","","","","","","","","","","","","","","","","","","","","","","","","","13","Nesean Crofford","WR","5-10","186","SO","Alpharetta, GA"
"","","11/1/2016 10:44:27 PM","http://www.espn.com/college-football/team/roster/_/id/172","http://www.espn.com/college-football/player/_/id/4030651/eric-sade","","","","","","","","","","","","","","","","","","","","","","","","","","","","","","","","","","","","","","","","","","","","","","","","","","","","","","","","","","","","13","Eric Sade","CB","6-1","197","SR","Washington, DC"
"","","11/1/2016 10:44:27 PM","http://www.espn.com/college-football/team/roster/_/id/172","http://www.espn.com/college-football/player/_/id/4030652/harley-kirsch","","","","","","","","","","","","","","","","","","","","","","","","","","","","","","","","","","","","","","","","","","","","","","","","","","","","","","","","","","","","14","Harley Kirsch","QB","6-4","237","FR","Redmond, WA"
"","","11/1/2016 10:44:27 PM","http://www.espn.com/college-football/team/roster/_/id/172","http://www.espn.com/college-football/player/_/id/3118276/brock-thomas","","","","","","","","","","","","","","","","","","","","","","","","","","","","","","","","","","","","","","","","","","","","","","","","","","","","","","","","","","","","14","Brock Thomas","S","6-1","200","JR","Plano, TX"
"","","11/1/2016 10:44:27 PM","http://www.espn.com/college-football/team/roster/_/id/172","http://www.espn.com/college-football/player/_/id/3912456/maxwell-mccormick","","","","","","","","","","","","","","","","","","","","","","","","","","","","","","","","","","","","","","","","","","","","","","","","","","","","","","","","","","","","15","Maxwell McCormick","LB","6-3","225","SO","Holland, OH"
"","","11/1/2016 10:44:27 PM","http://www.espn.com/college-football/team/roster/_/id/172","http://www.espn.com/college-football/player/_/id/549166/justin-solomon","","","","","","","","","","","","","","","","","","","","","","","","","","","","","","","","","","","","","","","","","","","","","","","","","","","","","","","","","","","","16","Justin Solomon","S","6-2","208","SR","Chandler, AZ"
"","","11/1/2016 10:44:27 PM","http://www.espn.com/college-football/team/roster/_/id/172","http://www.espn.com/college-football/player/_/id/4030653/ijhad-bonner","","","","","","","","","","","","","","","","","","","","","","","","","","","","","","","","","","","","","","","","","","","","","","","","","","","","","","","","","","","","17","Ijhad Bonner","LB","6-2","209","FR","Pittsburgh, PA"
"","","11/1/2016 10:44:27 PM","http://www.espn.com/college-football/team/roster/_/id/172","http://www.espn.com/college-football/player/_/id/529777/jonathan-ford","","","","","","","","","","","","","","","","","","","","","","","","","","","","","","","","","","","","","","","","","","","","","","","","","","","","","","","","","","","","17","Jonathan Ford","LB","6-2","222","SR","Johns Creek, GA"
"","","11/1/2016 10:44:27 PM","http://www.espn.com/college-football/team/roster/_/id/172","http://www.espn.com/college-football/player/_/id/4030654/dylan-otolski","","","","","","","","","","","","","","","","","","","","","","","","","","","","","","","","","","","","","","","","","","","","","","","","","","","","","","","","","","","","18","Dylan Otolski","S","6-1","202","FR","Grand Rapids, MI"
"","","11/1/2016 10:44:27 PM","http://www.espn.com/college-football/team/roster/_/id/172","http://www.espn.com/college-football/player/_/id/529782/ben-rogers","","","","","","","","","","","","","","","","","","","","","","","","","","","","","","","","","","","","","","","","","","","","","","","","","","","","","","","","","","","","18","Ben Rogers","WR","6-2","215","SR","Geneva, IL"
"","","11/1/2016 10:44:27 PM","http://www.espn.com/college-football/team/roster/_/id/172","http://www.espn.com/college-football/player/_/id/4030655/mo-bradford","","","","","","","","","","","","","","","","","","","","","","","","","","","","","","","","","","","","","","","","","","","","","","","","","","","","","","","","","","","","19","Mo Bradford","LB","6-2","203","FR","Hot Springs, AR"
"","","11/1/2016 10:44:27 PM","http://www.espn.com/college-football/team/roster/_/id/172","http://www.espn.com/college-football/player/_/id/4030656/zack-brienza","","","","","","","","","","","","","","","","","","","","","","","","","","","","","","","","","","","","","","","","","","","","","","","","","","","","","","","","","","","","19","Zack Brienza","WR","5-7","155","SO","Rochester, NY"
"","","11/1/2016 10:44:27 PM","http://www.espn.com/college-football/team/roster/_/id/172","http://www.espn.com/college-football/player/_/id/4030657/harold-coles","","","","","","","","","","","","","","","","","","","","","","","","","","","","","","","","","","","","","","","","","","","","","","","","","","","","","","","","","","","","20","Harold Coles","RB","6-1","190","FR","Erie, PA"
"","","11/1/2016 10:44:27 PM","http://www.espn.com/college-football/team/roster/_/id/172","http://www.espn.com/college-football/player/_/id/3118271/sean-scullen","","","","","","","","","","","","","","","","","","","","","","","","","","","","","","","","","","","","","","","","","","","","","","","","","","","","","","","","","","","","20","Sean Scullen","S","6-3","212","JR","Rochester, MI"
"","","11/1/2016 10:44:27 PM","http://www.espn.com/college-football/team/roster/_/id/172","http://www.espn.com/college-football/player/_/id/549167/luis-uceta","","","","","","","","","","","","","","","","","","","","","","","","","","","","","","","","","","","","","","","","","","","","","","","","","","","","","","","","","","","","21","Luis Uceta","CB","5-10","180","SR","Endwell, NY"
"","","11/1/2016 10:44:27 PM","http://www.espn.com/college-football/team/roster/_/id/172","http://www.espn.com/college-football/player/_/id/4030658/davy-lizana","","","","","","","","","","","","","","","","","","","","","","","","","","","","","","","","","","","","","","","","","","","","","","","","","","","","","","","","","","","","22","Davy Lizana","WR","6-4","205","FR","Phoenix, MD"
"","","11/1/2016 10:44:27 PM","http://www.espn.com/college-football/team/roster/_/id/172","http://www.espn.com/college-football/player/_/id/549168/jackson-weber","","","","","","","","","","","","","","","","","","","","","","","","","","","","","","","","","","","","","","","","","","","","","","","","","","","","","","","","","","","","22","Jackson Weber","LB","6-2","229","SR","Whitefish Bay, WI"
"","","11/1/2016 10:44:27 PM","http://www.espn.com/college-football/team/roster/_/id/172","http://www.espn.com/college-football/player/_/id/549169/marshall-deutz","","","","","","","","","","","","","","","","","","","","","","","","","","","","","","","","","","","","","","","","","","","","","","","","","","","","","","","","","","","","23","Marshall Deutz","WR","5-10","187","SR","Manhattan Beach, CA"
"","","11/1/2016 10:44:27 PM","http://www.espn.com/college-football/team/roster/_/id/172","http://www.espn.com/college-football/player/_/id/4030659/jelani-taylor","","","","","","","","","","","","","","","","","","","","","","","","","","","","","","","","","","","","","","","","","","","","","","","","","","","","","","","","","","","","23","Jelani Taylor","CB","5-11","179","FR","Mount Morris, MI"
"","","11/1/2016 10:44:27 PM","http://www.espn.com/college-football/team/roster/_/id/172","http://www.espn.com/college-football/player/_/id/549172/miles-norris","","","","","","","","","","","","","","","","","","","","","","","","","","","","","","","","","","","","","","","","","","","","","","","","","","","","","","","","","","","","24","Miles Norris","LB","6-1","240","SR","Baltimore, MD"
"","","11/1/2016 10:44:27 PM","http://www.espn.com/college-football/team/roster/_/id/172","http://www.espn.com/college-football/player/_/id/549171/jaivon-gibbs","","","","","","","","","","","","","","","","","","","","","","","","","","","","","","","","","","","","","","","","","","","","","","","","","","","","","","","","","","","","25","Jaivon Gibbs","S","5-11","186","SR","Upper Marlboro, MD"
"","","11/1/2016 10:44:27 PM","http://www.espn.com/college-football/team/roster/_/id/172","http://www.espn.com/college-football/player/_/id/3912451/austin-holmes","","","","","","","","","","","","","","","","","","","","","","","","","","","","","","","","","","","","","","","","","","","","","","","","","","","","","","","","","","","","26","Austin Holmes","CB","5-9","185","SO","Silver Spring, MD"
"","","11/1/2016 10:44:27 PM","http://www.espn.com/college-football/team/roster/_/id/172","http://www.espn.com/college-football/player/_/id/3118249/erik-bloomquist","","","","","","","","","","","","","","","","","","","","","","","","","","","","","","","","","","","","","","","","","","","","","","","","","","","","","","","","","","","","27","Erik Bloomquist","CB","6-1","204","JR","Sacramento, CA"
"","","11/1/2016 10:44:27 PM","http://www.espn.com/college-football/team/roster/_/id/172","http://www.espn.com/college-football/player/_/id/4030660/tom-hagen","","","","","","","","","","","","","","","","","","","","","","","","","","","","","","","","","","","","","","","","","","","","","","","","","","","","","","","","","","","","27","Tom Hagen","WR","5-11","175","FR","Skaneateles, NY"
"","","11/1/2016 10:44:27 PM","http://www.espn.com/college-football/team/roster/_/id/172","http://www.espn.com/college-football/player/_/id/3118261/james-hubbard","","","","","","","","","","","","","","","","","","","","","","","","","","","","","","","","","","","","","","","","","","","","","","","","","","","","","","","","","","","","28","James Hubbard","WR","6-1","179","JR","Fullerton, CA"
"","","11/1/2016 10:44:27 PM","http://www.espn.com/college-football/team/roster/_/id/172","http://www.espn.com/college-football/player/_/id/3118266/cole-needham","","","","","","","","","","","","","","","","","","","","","","","","","","","","","","","","","","","","","","","","","","","","","","","","","","","","","","","","","","","","28","Cole Needham","S","6-1","196","JR","Encinitas, CA"
"","","11/1/2016 10:44:27 PM","http://www.espn.com/college-football/team/roster/_/id/172","http://www.espn.com/college-football/player/_/id/4030661/david-jones","","","","","","","","","","","","","","","","","","","","","","","","","","","","","","","","","","","","","","","","","","","","","","","","","","","","","","","","","","","","29","David Jones","CB","6-1","180","FR","Sugar Land, TX"
"","","11/1/2016 10:44:27 PM","http://www.espn.com/college-football/team/roster/_/id/172","http://www.espn.com/college-football/player/_/id/3912452/lars-pedersen","","","","","","","","","","","","","","","","","","","","","","","","","","","","","","","","","","","","","","","","","","","","","","","","","","","","","","","","","","","","29","Lars Pedersen","WR","5-11","196","SO","Wilmington, VT"
"","","11/1/2016 10:44:27 PM","http://www.espn.com/college-football/team/roster/_/id/172","http://www.espn.com/college-football/player/_/id/3118257/jack-gellatly","","","","","","","","","","","","","","","","","","","","","","","","","","","","","","","","","","","","","","","","","","","","","","","","","","","","","","","","","","","","30","Jack Gellatly","FB","5-11","237","JR","Bellevue, WA"
"","","11/1/2016 10:44:27 PM","http://www.espn.com/college-football/team/roster/_/id/172","http://www.espn.com/college-football/player/_/id/3912453/dj-woullard","","","","","","","","","","","","","","","","","","","","","","","","","","","","","","","","","","","","","","","","","","","","","","","","","","","","","","","","","","","","31","Dj Woullard","CB","6-1","196","SO","Fullerton, CA"
"","","11/1/2016 10:44:27 PM","http://www.espn.com/college-football/team/roster/_/id/172","http://www.espn.com/college-football/player/_/id/3118250/daniel-crochet","","","","","","","","","","","","","","","","","","","","","","","","","","","","","","","","","","","","","","","","","","","","","","","","","","","","","","","","","","","","32","Daniel Crochet","LB","6-3","236","JR","Stone Mountain, GA"
"","","11/1/2016 10:44:27 PM","http://www.espn.com/college-football/team/roster/_/id/172","http://www.espn.com/college-football/player/_/id/3912454/ryan-kelley","","","","","","","","","","","","","","","","","","","","","","","","","","","","","","","","","","","","","","","","","","","","","","","","","","","","","","","","","","","","33","Ryan Kelley","LB","6-3","237","SO","Ross, CA"
"","","11/1/2016 10:44:27 PM","http://www.espn.com/college-football/team/roster/_/id/172","http://www.espn.com/college-football/player/_/id/4030662/cameron-ryan","","","","","","","","","","","","","","","","","","","","","","","","","","","","","","","","","","","","","","","","","","","","","","","","","","","","","","","","","","","","34","Cameron Ryan","LB","6-4","210","FR","Milford, CT"
"","","11/1/2016 10:44:27 PM","http://www.espn.com/college-football/team/roster/_/id/172","http://www.espn.com/college-football/player/_/id/3118275/josh-sweet","","","","","","","","","","","","","","","","","","","","","","","","","","","","","","","","","","","","","","","","","","","","","","","","","","","","","","","","","","","","34","Josh Sweet","RB","5-10","219","JR","Purcellville, VA"
"","","11/1/2016 10:44:27 PM","http://www.espn.com/college-football/team/roster/_/id/172","http://www.espn.com/college-football/player/_/id/3912455/baba-adejuyigbe","","","","","","","","","","","","","","","","","","","","","","","","","","","","","","","","","","","","","","","","","","","","","","","","","","","","","","","","","","","","35","Baba Adejuyigbe","LB","6-1","220","JR","--"
"","","11/1/2016 10:44:27 PM","http://www.espn.com/college-football/team/roster/_/id/172","http://www.espn.com/college-football/player/_/id/549173/chris-fraser","","","","","","","","","","","","","","","","","","","","","","","","","","","","","","","","","","","","","","","","","","","","","","","","","","","","","","","","","","","","36","Chris Fraser","P","6-2","211","SR","Potomac, MD"
"","","11/1/2016 10:44:27 PM","http://www.espn.com/college-football/team/roster/_/id/172","http://www.espn.com/college-football/player/_/id/549174/joe-pierik","","","","","","","","","","","","","","","","","","","","","","","","","","","","","","","","","","","","","","","","","","","","","","","","","","","","","","","","","","","","38","Joe Pierik","PK","5-11","159","SR","Corona, CA"
"","","11/1/2016 10:44:27 PM","http://www.espn.com/college-football/team/roster/_/id/172","http://www.espn.com/college-football/player/_/id/4030663/oscar-boochever","","","","","","","","","","","","","","","","","","","","","","","","","","","","","","","","","","","","","","","","","","","","","","","","","","","","","","","","","","","","40","Oscar Boochever","TE","6-2","233","SO","Washington, DC"
"","","11/1/2016 10:44:27 PM","http://www.espn.com/college-football/team/roster/_/id/172","http://www.espn.com/college-football/player/_/id/3118258/nick-gesualdi","","","","","","","","","","","","","","","","","","","","","","","","","","","","","","","","","","","","","","","","","","","","","","","","","","","","","","","","","","","","41","Nick Gesualdi","S","6-1","201","JR","Sykesville, MD"
"","","11/1/2016 10:44:27 PM","http://www.espn.com/college-football/team/roster/_/id/172","http://www.espn.com/college-football/player/_/id/3118246/michael-hobson","","","","","","","","","","","","","","","","","","","","","","","","","","","","","","","","","","","","","","","","","","","","","","","","","","","","","","","","","","","","41","Michael Hobson","PK","5-10","180","SR","Coos Bay, OR"
"","","11/1/2016 10:44:27 PM","http://www.espn.com/college-football/team/roster/_/id/172","http://www.espn.com/college-football/player/_/id/4030664/justin-bedard","","","","","","","","","","","","","","","","","","","","","","","","","","","","","","","","","","","","","","","","","","","","","","","","","","","","","","","","","","","","42","Justin Bedard","LB","6-1","216","FR","Johnson City, TN"
"","","11/1/2016 10:44:27 PM","http://www.espn.com/college-football/team/roster/_/id/172","http://www.espn.com/college-football/player/_/id/3912459/gustavo-dorsett","","","","","","","","","","","","","","","","","","","","","","","","","","","","","","","","","","","","","","","","","","","","","","","","","","","","","","","","","","","","43","Gustavo Dorsett","S","6-2","191","SO","El Paso, TX"
"","","11/1/2016 10:44:27 PM","http://www.espn.com/college-football/team/roster/_/id/172","http://www.espn.com/college-football/player/_/id/3118268/mac-pope","","","","","","","","","","","","","","","","","","","","","","","","","","","","","","","","","","","","","","","","","","","","","","","","","","","","","","","","","","","","45","Mac Pope","LS","6-1","233","JR","Pittsburgh, PA"
"","","11/1/2016 10:44:27 PM","http://www.espn.com/college-football/team/roster/_/id/172","http://www.espn.com/college-football/player/_/id/3912460/mason-banbury","","","","","","","","","","","","","","","","","","","","","","","","","","","","","","","","","","","","","","","","","","","","","","","","","","","","","","","","","","","","46","Mason Banbury","DL","6-4","245","SO","Grand Rapids, MI"
"","","11/1/2016 10:44:27 PM","http://www.espn.com/college-football/team/roster/_/id/172","http://www.espn.com/college-football/player/_/id/3912461/christian-kelley","","","","","","","","","","","","","","","","","","","","","","","","","","","","","","","","","","","","","","","","","","","","","","","","","","","","","","","","","","","","47","Christian Kelley","LB","6-2","249","SO","Kulpmont, PA"
"","","11/1/2016 10:44:27 PM","http://www.espn.com/college-football/team/roster/_/id/172","http://www.espn.com/college-football/player/_/id/3118255/kurt-frimel","","","","","","","","","","","","","","","","","","","","","","","","","","","","","","","","","","","","","","","","","","","","","","","","","","","","","","","","","","","","48","Kurt Frimel","LB","6-1","234","JR","Cream Ridge, NJ"
"","","11/1/2016 10:44:27 PM","http://www.espn.com/college-football/team/roster/_/id/172","http://www.espn.com/college-football/player/_/id/3912462/reis-seggebruch","","","","","","","","","","","","","","","","","","","","","","","","","","","","","","","","","","","","","","","","","","","","","","","","","","","","","","","","","","","","49","Reis Seggebruch","LB","6-1","235","SO","Tomball, TX"
"","","11/1/2016 10:44:27 PM","http://www.espn.com/college-football/team/roster/_/id/172","http://www.espn.com/college-football/player/_/id/4030665/william-baker","","","","","","","","","","","","","","","","","","","","","","","","","","","","","","","","","","","","","","","","","","","","","","","","","","","","","","","","","","","","50","William Baker","LB","6-3","214","FR","Kensington, NH"
"","","11/1/2016 10:44:27 PM","http://www.espn.com/college-football/team/roster/_/id/172","http://www.espn.com/college-football/player/_/id/4030666/tim-morales","","","","","","","","","","","","","","","","","","","","","","","","","","","","","","","","","","","","","","","","","","","","","","","","","","","","","","","","","","","","50","Tim Morales","PK","6-2","165","SO","Rumson, NJ"
"","","11/1/2016 10:44:27 PM","http://www.espn.com/college-football/team/roster/_/id/172","http://www.espn.com/college-football/player/_/id/3912463/victor-olapinsin","","","","","","","","","","","","","","","","","","","","","","","","","","","","","","","","","","","","","","","","","","","","","","","","","","","","","","","","","","","","51","Victor Olapinsin","LB","6-3","263","SO","Bloomfield, NJ"
"","","11/1/2016 10:44:27 PM","http://www.espn.com/college-football/team/roster/_/id/172","http://www.espn.com/college-football/player/_/id/4030667/frank-o'dowd","","","","","","","","","","","","","","","","","","","","","","","","","","","","","","","","","","","","","","","","","","","","","","","","","","","","","","","","","","","","52","Frank O'Dowd","LS","6-4","232","FR","Plantation, FL"
"","","11/1/2016 10:44:27 PM","http://www.espn.com/college-football/team/roster/_/id/172","http://www.espn.com/college-football/player/_/id/3912464/zach-mays","","","","","","","","","","","","","","","","","","","","","","","","","","","","","","","","","","","","","","","","","","","","","","","","","","","","","","","","","","","","53","Zach Mays","PK","6-1","174","SO","Las Vegas, NV"
"","","11/1/2016 10:44:27 PM","http://www.espn.com/college-football/team/roster/_/id/172","http://www.espn.com/college-football/player/_/id/549178/drew-diedrich","","","","","","","","","","","","","","","","","","","","","","","","","","","","","","","","","","","","","","","","","","","","","","","","","","","","","","","","","","","","54","Drew Diedrich","DL","6-3","259","SR","Ann Arbor, MI"
"","","11/1/2016 10:44:27 PM","http://www.espn.com/college-football/team/roster/_/id/172","http://www.espn.com/college-football/player/_/id/3118247/corey-dean","","","","","","","","","","","","","","","","","","","","","","","","","","","","","","","","","","","","","","","","","","","","","","","","","","","","","","","","","","","","55","Corey Dean","DL","6-3","265","SR","Cortlandt Manor, NY"
"","","11/1/2016 10:44:27 PM","http://www.espn.com/college-football/team/roster/_/id/172","http://www.espn.com/college-football/player/_/id/3118260/seth-hope","","","","","","","","","","","","","","","","","","","","","","","","","","","","","","","","","","","","","","","","","","","","","","","","","","","","","","","","","","","","56","Seth Hope","DL","6-3","255","JR","Fort Thomas, KY"
"","","11/1/2016 10:44:27 PM","http://www.espn.com/college-football/team/roster/_/id/172","http://www.espn.com/college-football/player/_/id/3912465/zach-strong","","","","","","","","","","","","","","","","","","","","","","","","","","","","","","","","","","","","","","","","","","","","","","","","","","","","","","","","","","","","57","Zach Strong","OL","6-9","293","SO","Kennesaw, GA"
"","","11/1/2016 10:44:27 PM","http://www.espn.com/college-football/team/roster/_/id/172","http://www.espn.com/college-football/player/_/id/3912466/j.-edward-keating","","","","","","","","","","","","","","","","","","","","","","","","","","","","","","","","","","","","","","","","","","","","","","","","","","","","","","","","","","","","58","J. Edward Keating","DL","6-4","307","SO","Birmingham, MI"
"","","11/1/2016 10:44:27 PM","http://www.espn.com/college-football/team/roster/_/id/172","http://www.espn.com/college-football/player/_/id/4030668/john-christian-riffle","","","","","","","","","","","","","","","","","","","","","","","","","","","","","","","","","","","","","","","","","","","","","","","","","","","","","","","","","","","","59","John Christian Riffle","OL","6-4","271","FR","Weston, FL"
"","","11/1/2016 10:44:27 PM","http://www.espn.com/college-football/team/roster/_/id/172","http://www.espn.com/college-football/player/_/id/549180/flint-geier","","","","","","","","","","","","","","","","","","","","","","","","","","","","","","","","","","","","","","","","","","","","","","","","","","","","","","","","","","","","60","Flint Geier","OL","6-3","283","SR","Alpharetta, GA"
"","","11/1/2016 10:44:27 PM","http://www.espn.com/college-football/team/roster/_/id/172","http://www.espn.com/college-football/player/_/id/3912467/david-d'amelio","","","","","","","","","","","","","","","","","","","","","","","","","","","","","","","","","","","","","","","","","","","","","","","","","","","","","","","","","","","","61","David D'Amelio","OL","6-3","287","SO","Naples, FL"
"","","11/1/2016 10:44:27 PM","http://www.espn.com/college-football/team/roster/_/id/172","http://www.espn.com/college-football/player/_/id/4030669/jake-hogge","","","","","","","","","","","","","","","","","","","","","","","","","","","","","","","","","","","","","","","","","","","","","","","","","","","","","","","","","","","","62","Jake Hogge","OL","6-4","294","FR","Midlothian, VA"
"","","11/1/2016 10:44:27 PM","http://www.espn.com/college-football/team/roster/_/id/172","http://www.espn.com/college-football/player/_/id/4030670/matt-wells","","","","","","","","","","","","","","","","","","","","","","","","","","","","","","","","","","","","","","","","","","","","","","","","","","","","","","","","","","","","63","Matt Wells","OL","6-6","249","FR","Greenwood Village, CO"
"","","11/1/2016 10:44:27 PM","http://www.espn.com/college-football/team/roster/_/id/172","http://www.espn.com/college-football/player/_/id/4030671/michael-gillooley","","","","","","","","","","","","","","","","","","","","","","","","","","","","","","","","","","","","","","","","","","","","","","","","","","","","","","","","","","","","64","Michael Gillooley","DL","6-4","273","FR","Clifton Park, NY"
"","","11/1/2016 10:44:27 PM","http://www.espn.com/college-football/team/roster/_/id/172","http://www.espn.com/college-football/player/_/id/3118269/lucas-raley","","","","","","","","","","","","","","","","","","","","","","","","","","","","","","","","","","","","","","","","","","","","","","","","","","","","","","","","","","","","65","Lucas Raley","OL","6-3","274","JR","Abilene, TX"
"","","11/1/2016 10:44:27 PM","http://www.espn.com/college-football/team/roster/_/id/172","http://www.espn.com/college-football/player/_/id/549182/islam-mohamed","","","","","","","","","","","","","","","","","","","","","","","","","","","","","","","","","","","","","","","","","","","","","","","","","","","","","","","","","","","","66","Islam Mohamed","OL","6-3","280","SR","Inwood, NY"
"","","11/1/2016 10:44:27 PM","http://www.espn.com/college-football/team/roster/_/id/172","http://www.espn.com/college-football/player/_/id/4051671/george-holm-iii","","","","","","","","","","","","","","","","","","","","","","","","","","","","","","","","","","","","","","","","","","","","","","","","","","","","","","","","","","","","67","George Holm III","OL","6-4","275","FR","Richmond, VA"
"","","11/1/2016 10:44:27 PM","http://www.espn.com/college-football/team/roster/_/id/172","http://www.espn.com/college-football/player/_/id/4030673/joe-albrecht","","","","","","","","","","","","","","","","","","","","","","","","","","","","","","","","","","","","","","","","","","","","","","","","","","","","","","","","","","","","68","Joe Albrecht","OL","6-8","279","FR","South Lake Tahoe, CA"
"","","11/1/2016 10:44:27 PM","http://www.espn.com/college-football/team/roster/_/id/172","http://www.espn.com/college-football/player/_/id/3912468/henry-stillwell","","","","","","","","","","","","","","","","","","","","","","","","","","","","","","","","","","","","","","","","","","","","","","","","","","","","","","","","","","","","70","Henry Stillwell","OL","6-5","290","SO","Richmond, VA"
"","","11/1/2016 10:44:27 PM","http://www.espn.com/college-football/team/roster/_/id/172","http://www.espn.com/college-football/player/_/id/3912469/mason-manning-iii","","","","","","","","","","","","","","","","","","","","","","","","","","","","","","","","","","","","","","","","","","","","","","","","","","","","","","","","","","","","71","Mason Manning III","OL","6-6","298","SO","Olympia, WA"
"","","11/1/2016 10:44:27 PM","http://www.espn.com/college-football/team/roster/_/id/172","http://www.espn.com/college-football/player/_/id/3912470/maximilian-gardner","","","","","","","","","","","","","","","","","","","","","","","","","","","","","","","","","","","","","","","","","","","","","","","","","","","","","","","","","","","","72","Maximilian Gardner","OL","6-9","314","SO","Carlsbad, CA"
"","","11/1/2016 10:44:27 PM","http://www.espn.com/college-football/team/roster/_/id/172","http://www.espn.com/college-football/player/_/id/548417/john-foster","","","","","","","","","","","","","","","","","","","","","","","","","","","","","","","","","","","","","","","","","","","","","","","","","","","","","","","","","","","","73","John Foster","OL","6-5","279","SR","Scituate, MA"
"","","11/1/2016 10:44:27 PM","http://www.espn.com/college-football/team/roster/_/id/172","http://www.espn.com/college-football/player/_/id/3118259/theo-goosen","","","","","","","","","","","","","","","","","","","","","","","","","","","","","","","","","","","","","","","","","","","","","","","","","","","","","","","","","","","","74","Theo Goosen","OL","6-4","297","JR","Virginia Beach, VA"
"","","11/1/2016 10:44:27 PM","http://www.espn.com/college-football/team/roster/_/id/172","http://www.espn.com/college-football/player/_/id/549181/jake-waltman","","","","","","","","","","","","","","","","","","","","","","","","","","","","","","","","","","","","","","","","","","","","","","","","","","","","","","","","","","","","75","Jake Waltman","OL","6-3","292","SR","Ringgold, VA"
"","","11/1/2016 10:44:27 PM","http://www.espn.com/college-football/team/roster/_/id/172","http://www.espn.com/college-football/player/_/id/548418/dan-morin","","","","","","","","","","","","","","","","","","","","","","","","","","","","","","","","","","","","","","","","","","","","","","","","","","","","","","","","","","","","76","Dan Morin","OL","6-3","282","SR","Overland Park, KS"
"","","11/1/2016 10:44:27 PM","http://www.espn.com/college-football/team/roster/_/id/172","http://www.espn.com/college-football/player/_/id/3118248/gus-basanes","","","","","","","","","","","","","","","","","","","","","","","","","","","","","","","","","","","","","","","","","","","","","","","","","","","","","","","","","","","","77","Gus Basanes","OL","6-4","299","JR","Bethesda, MD"
"","","11/1/2016 10:44:27 PM","http://www.espn.com/college-football/team/roster/_/id/172","http://www.espn.com/college-football/player/_/id/4030674/jacob-burley","","","","","","","","","","","","","","","","","","","","","","","","","","","","","","","","","","","","","","","","","","","","","","","","","","","","","","","","","","","","78","Jacob Burley","OL","6-4","279","FR","Lancaster, OH"
"","","11/1/2016 10:44:27 PM","http://www.espn.com/college-football/team/roster/_/id/172","http://www.espn.com/college-football/player/_/id/548419/alex-emanuels","","","","","","","","","","","","","","","","","","","","","","","","","","","","","","","","","","","","","","","","","","","","","","","","","","","","","","","","","","","","79","Alex Emanuels","OL","6-2","278","SR","Mercer Island, WA"
"","","11/1/2016 10:44:27 PM","http://www.espn.com/college-football/team/roster/_/id/172","http://www.espn.com/college-football/player/_/id/548420/brady-malone","","","","","","","","","","","","","","","","","","","","","","","","","","","","","","","","","","","","","","","","","","","","","","","","","","","","","","","","","","","","80","Brady Malone","WR","6-3","206","SR","Herndon, VA"
"","","11/1/2016 10:44:27 PM","http://www.espn.com/college-football/team/roster/_/id/172","http://www.espn.com/college-football/player/_/id/4071078/ryan-weigel","","","","","","","","","","","","","","","","","","","","","","","","","","","","","","","","","","","","","","","","","","","","","","","","","","","","","","","","","","","","81","Ryan Weigel","WR","5-7","175","JR","--"
"","","11/1/2016 10:44:27 PM","http://www.espn.com/college-football/team/roster/_/id/172","http://www.espn.com/college-football/player/_/id/3118267/hayes-nolte","","","","","","","","","","","","","","","","","","","","","","","","","","","","","","","","","","","","","","","","","","","","","","","","","","","","","","","","","","","","82","Hayes Nolte","TE","6-4","253","JR","Blue Bell, PA"
"","","11/1/2016 10:44:27 PM","http://www.espn.com/college-football/team/roster/_/id/172","http://www.espn.com/college-football/player/_/id/4051672/hank-de-glee","","","","","","","","","","","","","","","","","","","","","","","","","","","","","","","","","","","","","","","","","","","","","","","","","","","","","","","","","","","","83","Hank de Glee","TE","6-5","273","SO","South New Berlin, NY"
"","","11/1/2016 10:44:27 PM","http://www.espn.com/college-football/team/roster/_/id/172","http://www.espn.com/college-football/player/_/id/4030675/nic-canal","","","","","","","","","","","","","","","","","","","","","","","","","","","","","","","","","","","","","","","","","","","","","","","","","","","","","","","","","","","","84","Nic Canal","TE","6-5","233","FR","Hopkinton, MA"
"","","11/1/2016 10:44:27 PM","http://www.espn.com/college-football/team/roster/_/id/172","http://www.espn.com/college-football/player/_/id/548421/nick-bland","","","","","","","","","","","","","","","","","","","","","","","","","","","","","","","","","","","","","","","","","","","","","","","","","","","","","","","","","","","","85","Nick Bland","TE","6-5","238","SR","Milton, MA"
"","","11/1/2016 10:44:27 PM","http://www.espn.com/college-football/team/roster/_/id/172","http://www.espn.com/college-football/player/_/id/3912472/curt-mcleod","","","","","","","","","","","","","","","","","","","","","","","","","","","","","","","","","","","","","","","","","","","","","","","","","","","","","","","","","","","","86","Curt McLeod","TE","6-5","241","SO","Hingham, MA"
"","","11/1/2016 10:44:27 PM","http://www.espn.com/college-football/team/roster/_/id/172","http://www.espn.com/college-football/player/_/id/4030676/tommy-mcintyre","","","","","","","","","","","","","","","","","","","","","","","","","","","","","","","","","","","","","","","","","","","","","","","","","","","","","","","","","","","","87","Tommy McIntyre","TE","6-8","246","FR","Florham Park, NJ"
"","","11/1/2016 10:44:27 PM","http://www.espn.com/college-football/team/roster/_/id/172","http://www.espn.com/college-football/player/_/id/4030677/john-fitzgerald","","","","","","","","","","","","","","","","","","","","","","","","","","","","","","","","","","","","","","","","","","","","","","","","","","","","","","","","","","","","88","John Fitzgerald","TE","6-4","233","FR","Baltimore, MD"
"","","11/1/2016 10:44:27 PM","http://www.espn.com/college-football/team/roster/_/id/172","http://www.espn.com/college-football/player/_/id/549176/matt-sullivan","","","","","","","","","","","","","","","","","","","","","","","","","","","","","","","","","","","","","","","","","","","","","","","","","","","","","","","","","","","","89","Matt Sullivan","TE","6-4","252","SR","Pittsford, NY"
"","","11/1/2016 10:44:27 PM","http://www.espn.com/college-football/team/roster/_/id/172","http://www.espn.com/college-football/player/_/id/4030679/cyrus-nolan","","","","","","","","","","","","","","","","","","","","","","","","","","","","","","","","","","","","","","","","","","","","","","","","","","","","","","","","","","","","90","Cyrus Nolan","LB","6-3","235","SO","La Jolla, CA"
"","","11/1/2016 10:44:27 PM","http://www.espn.com/college-football/team/roster/_/id/172","http://www.espn.com/college-football/player/_/id/529800/brett-jones","","","","","","","","","","","","","","","","","","","","","","","","","","","","","","","","","","","","","","","","","","","","","","","","","","","","","","","","","","","","91","Brett Jones","DL","6-1","290","SR","Naperville, IL"
"","","11/1/2016 10:44:27 PM","http://www.espn.com/college-football/team/roster/_/id/172","http://www.espn.com/college-football/player/_/id/3118254/james-eaton","","","","","","","","","","","","","","","","","","","","","","","","","","","","","","","","","","","","","","","","","","","","","","","","","","","","","","","","","","","","92","James Eaton","DL","6-2","242","JR","Tulsa, OK"
"","","11/1/2016 10:44:27 PM","http://www.espn.com/college-football/team/roster/_/id/172","http://www.espn.com/college-football/player/_/id/3118252/geno-demarco","","","","","","","","","","","","","","","","","","","","","","","","","","","","","","","","","","","","","","","","","","","","","","","","","","","","","","","","","","","","93","Geno DeMarco","DL","6-3","265","JR","Perrysburg, OH"
"","","11/1/2016 10:44:27 PM","http://www.espn.com/college-football/team/roster/_/id/172","http://www.espn.com/college-football/player/_/id/4030680/jordan-landsman","","","","","","","","","","","","","","","","","","","","","","","","","","","","","","","","","","","","","","","","","","","","","","","","","","","","","","","","","","","","94","Jordan Landsman","DL","6-3","250","FR","Nanuet, NY"
"","","11/1/2016 10:44:27 PM","http://www.espn.com/college-football/team/roster/_/id/172","http://www.espn.com/college-football/player/_/id/3912474/chase-wickenheiser","","","","","","","","","","","","","","","","","","","","","","","","","","","","","","","","","","","","","","","","","","","","","","","","","","","","","","","","","","","","95","Chase Wickenheiser","DL","6-5","275","SO","Clarks Summit, PA"
"","","11/1/2016 10:44:27 PM","http://www.espn.com/college-football/team/roster/_/id/172","http://www.espn.com/college-football/player/_/id/548425/michael-staples","","","","","","","","","","","","","","","","","","","","","","","","","","","","","","","","","","","","","","","","","","","","","","","","","","","","","","","","","","","","96","Michael Staples","DL","6-3","276","SR","Wayne, PA"
"","","11/1/2016 10:44:27 PM","http://www.espn.com/college-football/team/roster/_/id/172","http://www.espn.com/college-football/player/_/id/3118270/alberto-sandoval","","","","","","","","","","","","","","","","","","","","","","","","","","","","","","","","","","","","","","","","","","","","","","","","","","","","","","","","","","","","97","Alberto Sandoval","DL","6-4","288","JR","Wixom, MI"
"","","11/1/2016 10:44:27 PM","http://www.espn.com/college-football/team/roster/_/id/172","http://www.espn.com/college-football/player/_/id/4030681/ethan-agritelley","","","","","","","","","","","","","","","","","","","","","","","","","","","","","","","","","","","","","","","","","","","","","","","","","","","","","","","","","","","","98","Ethan Agritelley","PK","5-10","172","FR","Lake Oswego, OR"
"","","11/1/2016 10:44:27 PM","http://www.espn.com/college-football/team/roster/_/id/172","http://www.espn.com/college-football/player/_/id/4030682/cory-haslam","","","","","","","","","","","","","","","","","","","","","","","","","","","","","","","","","","","","","","","","","","","","","","","","","","","","","","","","","","","","98","Cory Haslam","DL","6-2","243","FR","Trumbull, CT"
"","","11/1/2016 10:44:27 PM","http://www.espn.com/college-football/team/roster/_/id/172","http://www.espn.com/college-football/player/_/id/4030683/nickolas-null","","","","","","","","","","","","","","","","","","","","","","","","","","","","","","","","","","","","","","","","","","","","","","","","","","","","","","","","","","","","99","Nickolas Null","PK","5-11","165","FR","Bradenton, FL"
"","","11/1/2016 10:44:27 PM","http://www.espn.com/college-football/team/roster/_/id/172","http://www.espn.com/college-football/player/_/id/4030684/nathaniel-weber","","","","","","","","","","","","","","","","","","","","","","","","","","","","","","","","","","","","","","","","","","","","","","","","","","","","","","","","","","","","99","Nathaniel Weber","LB","6-3","248","FR","Reading, PA"
"","","11/1/2016 10:44:27 PM","","","","","","","","","","","","","","","","","","","","","","","","","","","","","","","","","","","","","","","","","","","","","","","","","","","","","","","","","","","","","","","","","","","",""
"","","11/1/2016 10:44:27 PM","http://tpc.googlesyndication.com/safeframe/1-0-5/html/container.html#xpc=sf-gdn-exp-1&p=http%3A//www.espn.com","","","","","","","","","","","","","","","","","","","","","","","","","","","","","","","","","","","","","","","","","","","","","","","","","","","","","","","","","","","","","Ad covers the page","","","","","",""
"","","11/1/2016 10:44:27 PM","http://tpc.googlesyndication.com/safeframe/1-0-5/html/container.html#xpc=sf-gdn-exp-1&p=http%3A//www.espn.com","","","","","","","","","","","","","","","","","","","","","","","","","","","","","","","","","","","","","","","","","","","","","","","","","","","","","","","","","","","","","Stop seeing this ad","","","","","",""
"","","11/1/2016 10:44:27 PM","http://tpc.googlesyndication.com/safeframe/1-0-5/html/container.html#xpc=sf-gdn-exp-1&p=http%3A//www.espn.com","","","","","","","","","","","","","","","","","","","","","","","","","","","","","","","","","","","","","","","","","","","","","","","","","","","","","","","","","","","","","Why this ad?","","","","","",""
